firm_id,period,age,status,price,prox_opt_tech,mc,mkt_share,inv_res,researching,innovating,imitating,attraction_res,attraction_no_res,attraction_inn,attraction_imi,wealth,previous_wealth,profits,previous_profits,output,previous_output,revenues,previous_revenues,technology,magtechshock
7912,5000,4802,2,45.37852112676057,0.5,50.0,0.0,50,1,0,1,820,1233,1178,875,16513.102424347846,16763.102424347846,-250.0,-200.0,0,0,0.0,0.0,43066780871199451305333409114,8
15307,5000,4617,2,45.37852112676057,0.47916666666666663,52.083333333333336,0.0,0,0,0,0,702,1127,1044,785,128811.42248392661,129011.42248392661,-200.0,-200.0,0,0,0.0,0.0,24823279201156630686649063144,8
55751,5000,3606,3,45.37852112676057,0.5833333333333333,41.666666666666664,0.014577931431864019,100,1,1,0,558,905,829,634,76062.08707145562,75931.01572706661,131.07134438901062,90.74039221302888,116.13368708914984,111.33424874015131,5269.974973103587,4913.694247281675,58560621638335233045951342074,8
64022,5000,3399,2,45.37852112676057,0.5416666666666667,45.833333333333336,0.0,50,1,0,1,468,806,696,578,41189.37300741068,41439.37300741068,-250.0,-250.0,0,0,0.0,0.0,47104834235594217056216907460,8
66905,5000,3327,3,45.37852112676057,0.5625,43.75,0.0063958513396715705,0,0,0,0,552,845,816,581,31936.566168434543,32053.589867692193,-117.02369925765116,-200.0,50.951933861247596,0,2312.1234071719314,0.0,48976010132417927955838302800,8
81227,5000,2969,2,45.37852112676057,0.5,50.0,0.0,50,1,0,1,423,690,640,473,159504.77492158074,159754.77492158074,-250.0,-200.0,0,0,0.0,0.0,44846394062384849306001406496,8
85822,5000,2854,2,45.37852112676057,0.5104166666666667,48.958333333333336,0.0,0,0,0,0,432,694,669,457,43561.743725685155,43761.743725685155,-200.0,-200.0,0,0,0.0,0.0,52050854882919600065608327650,8
94330,5000,2641,2,45.37852112676057,0.5104166666666667,48.958333333333336,0.0,100,1,1,0,447,659,656,450,152850.86832488378,153150.86832488378,-300.0,-200.0,0,0,0.0,0.0,46002336572473844546276691666,8
107387,5000,2315,2,45.37852112676057,0.5208333333333333,47.916666666666664,0.0,100,1,1,0,374,564,525,413,102745.4999970001,103045.4999970001,-300.0,-200.0,0,0,0.0,0.0,47599664845620786441252295184,8
108835,5000,2279,2,45.37852112676057,0.47916666666666663,52.083333333333336,0.0,0,0,0,0,385,577,541,421,32017.642757322174,32217.642757322174,-200.0,-200.0,0,0,0.0,0.0,458417335566323190997777586,8
110156,5000,2246,3,45.37852112676057,0.5625,43.75,0.0063958513396715705,0,0,0,0,345,578,525,398,299316.10187798156,299433.1255772392,-117.02369925765116,-56.78469711381814,50.951933861247596,78.28983701362228,2312.1234071719314,3455.291845120443,6243223004300055439216332464,8
114982,5000,2125,2,45.37852112676057,0.5,50.0,0.0,0,0,0,0,283,487,451,319,148235.4224235724,148435.4224235724,-200.0,-200.0,0,0,0.0,0.0,980463883783468886580677352,8
115396,5000,2115,2,45.37852112676057,0.5208333333333333,47.916666666666664,0.0,0,0,0,0,287,514,456,345,190753.64390724513,190953.64390724513,-200.0,-200.0,0,0,0.0,0.0,614463514856268334368951186,8
124858,5000,1878,2,45.37852112676057,0.5416666666666667,45.833333333333336,0.0,0,0,0,0,293,442,415,320,24417.818297845653,24617.818297845653,-200.0,-300.0,0,0,0.0,0.0,11055385755227866333356616552,8
125066,5000,1873,3,45.37852112676057,0.5729166666666667,42.708333333333336,0.01048689138576778,100,1,1,0,314,452,451,315,59558.58747792635,59635.512485166866,-76.92500724052002,357.10800597014463,83.5428104751986,144.37866046668034,3791.049190137754,6372.0966494429085,77291867501735973887922424792,8
125642,5000,1858,3,45.37852112676057,0.59375,40.625,0.018668971477960226,50,1,0,1,285,422,416,291,34959.00282018623,34502.037464555295,456.96535563093767,-6.78469711381814,148.72456370310084,78.28983701362228,6748.900756069409,3455.291845120443,42524522818740757458445184728,8
125852,5000,1853,3,45.37852112676057,0.5833333333333333,41.666666666666664,0.014577931431864019,0,0,0,0,282,467,432,317,23539.191724718556,23308.120380329547,231.07134438901062,-6.78469711381814,116.13368708914984,78.28983701362228,5269.974973103587,3455.291845120443,19623764340492466374902474762,8
126101,5000,1847,2,45.37852112676057,0.5416666666666667,45.833333333333336,0.0,0,0,0,0,230,435,367,298,70301.83247831427,70501.83247831427,-200.0,-200.0,0,0,0.0,0.0,667714007745344623015358346,8
126625,5000,1834,2,45.37852112676057,0.53125,46.875,0.0,50,1,0,1,277,470,424,323,29414.309391919385,29664.309391919385,-250.0,-250.0,0,0,0.0,0.0,47438656173036546573133547792,8
128047,5000,1798,2,45.37852112676057,0.47916666666666663,52.083333333333336,0.0,0,0,0,0,277,449,414,312,31567.630517742313,31767.630517742313,-200.0,-300.0,0,0,0.0,0.0,23871703602157761718965891746,8
130329,5000,1741,2,45.37852112676057,0.5,50.0,0.0,100,1,1,0,264,401,388,277,99502.17806655694,99802.17806655694,-300.0,-250.0,0,0,0.0,0.0,15467700812297781496297590410,8
130437,5000,1739,3,45.37852112676057,0.5729166666666667,42.708333333333336,0.01048689138576778,0,0,0,0,299,429,433,295,32670.57585046057,32647.50085770109,23.074992759479983,-200.0,83.5428104751986,0,3791.049190137754,0.0,5129290159575785080750242382,8
130672,5000,1733,2,45.37852112676057,0.46875,53.125,0.0,0,0,0,0,228,401,338,291,19140.77266279959,19340.77266279959,-200.0,-200.0,0,0,0.0,0.0,8718871006671280697023039590,8
130864,5000,1728,3,45.37852112676057,0.5833333333333333,41.666666666666664,0.014577931431864019,100,1,1,0,295,463,443,315,97167.7372148341,97036.66587044508,131.07134438901062,357.10800597014463,116.13368708914984,144.37866046668034,5269.974973103587,6372.0966494429085,18797393908627018215766909848,8
133942,5000,1651,2,45.37852112676057,0.4375,56.25,0.0,0,0,0,0,289,440,410,319,57754.91142513382,57954.91142513382,-200.0,-200.0,0,0,0.0,0.0,53420775770678449570479407410,8
134337,5000,1641,3,45.37852112676057,0.5625,43.75,0.0063958513396715705,0,0,0,0,277,397,381,293,55377.21033167161,55494.23403092926,-117.02369925765116,-200.0,50.951933861247596,0,2312.1234071719314,0.0,47632894782543002377569337024,8
141319,5000,1467,2,45.37852112676057,0.48958333333333337,51.041666666666664,0.0,100,1,1,0,234,370,341,263,118898.51268780012,119198.51268780012,-300.0,-200.0,0,0,0.0,0.0,8033923109605833476411131488,8
143410,5000,1414,2,45.37852112676057,0.46875,53.125,0.0,0,0,0,0,241,367,334,274,49275.458073742986,49475.458073742986,-200.0,-200.0,0,0,0.0,0.0,43400200519914778066576133936,8
146509,5000,1337,3,45.37852112676057,0.5520833333333333,44.791666666666664,0.0023048112935753606,50,1,0,1,224,339,321,242,17735.47028002171,17974.695011684093,-239.2247316623845,190.74039221302888,18.36105724729659,111.33424874015131,833.1976242061085,4913.694247281675,2549404370098238314321113992,8
146608,5000,1334,3,45.37852112676057,0.6458333333333333,35.416666666666664,0.03912417170844134,0,0,0,0,224,316,318,222,57719.15774954375,54814.2574435172,2904.9003060265495,2111.003705301302,311.67894677285636,276.55630737279694,14143.529670898544,12205.70625808786,18425636997871616921582450280,8
146887,5000,1327,2,45.37852112676057,0.48958333333333337,51.041666666666664,0.0,0,0,0,0,208,315,301,222,31213.106466275887,31413.106466275887,-200.0,-200.0,0,0,0.0,0.0,47100154456032104885916884720,8
147263,5000,1318,2,45.37852112676057,0.46875,53.125,0.0,0,0,0,0,207,333,297,243,103329.06198495101,103529.06198495101,-200.0,-250.0,0,0,0.0,0.0,54918099678752951045202756464,8
147520,5000,1312,2,45.37852112676057,0.5104166666666667,48.958333333333336,0.0,0,0,0,0,183,314,276,221,64071.09387408491,64271.09387408491,-200.0,-200.0,0,0,0.0,0.0,53977558360237463374144917026,8
148348,5000,1291,2,45.37852112676057,0.44791666666666663,55.208333333333336,0.0,0,0,0,0,171,299,263,207,49728.12712992896,49928.12712992896,-200.0,-200.0,0,0,0.0,0.0,16528860473911386136622182290,8
155468,5000,1113,2,45.37852112676057,0.45833333333333337,54.166666666666664,0.0,0,0,0,0,203,273,271,205,68637.88945146705,68837.88945146705,-200.0,-250.0,0,0,0.0,0.0,72158417312548490247357389522,8
159103,5000,1022,3,45.37852112676057,0.5729166666666667,42.708333333333336,0.01048689138576778,0,0,0,0,137,265,234,168,18412.967189434163,18389.892196674682,23.074992759479983,140.74039221302888,83.5428104751986,111.33424874015131,3791.049190137754,4913.694247281675,34347022807021143073987882736,8
159270,5000,1018,2,45.37852112676057,0.5208333333333333,47.916666666666664,0.0,0,0,0,0,160,267,252,175,9294.05532136825,9494.05532136825,-200.0,-250.0,0,0,0.0,0.0,44075302537172939061344915056,8
161433,5000,964,2,45.37852112676057,0.4375,56.25,0.0,0,0,0,0,131,226,198,159,119452.0659293539,119652.0659293539,-200.0,-200.0,0,0,0.0,0.0,65762353367902466955736362688,8
162013,5000,949,2,45.37852112676057,0.5104166666666667,48.958333333333336,0.0,100,1,1,0,160,254,244,170,113597.74576016977,113897.74576016977,-300.0,-200.0,0,0,0.0,0.0,35397689295933223314341244912,8
162635,5000,934,2,45.37852112676057,0.46875,53.125,0.0,0,0,0,0,133,217,204,146,50158.07454589268,50358.07454589268,-200.0,-200.0,0,0,0.0,0.0,55828455176337153409083345352,8
163110,5000,922,3,45.37852112676057,0.5729166666666667,42.708333333333336,0.01048689138576778,0,0,0,0,152,231,215,168,20595.3370231121,20572.26203035262,23.074992759479983,-185.46726201039715,83.5428104751986,45.24542528709302,3791.049190137754,1996.8894429592008,26535720489148318798267705938,8
163237,5000,919,3,45.37852112676057,0.5729166666666667,42.708333333333336,0.01048689138576778,100,1,1,0,159,250,237,172,175977.62138323698,176054.5463904775,-76.92500724052002,1669.265993823107,83.5428104751986,243.51189564626765,3791.049190137754,10747.303855926615,58155083197101254409244134880,8
164245,5000,893,2,45.37852112676057,0.39583333333333337,60.416666666666664,0.0,50,1,0,1,151,230,211,170,58744.87230833975,58994.87230833975,-250.0,-200.0,0,0,0.0,0.0,56976178352076700497817501186,8
165938,5000,851,3,45.37852112676057,0.5729166666666667,42.708333333333336,0.01048689138576778,0,0,0,0,127,212,195,144,52461.441159953734,52438.366167194254,23.074992759479983,190.74039221302888,83.5428104751986,111.33424874015131,3791.049190137754,4913.694247281675,47868984898416537250188993168,8
168170,5000,795,2,45.37852112676057,0.47916666666666663,52.083333333333336,0.0,0,0,0,0,123,194,174,143,117458.90637729052,117658.90637729052,-200.0,-200.0,0,0,0.0,0.0,72406300989648296622352950176,8
168375,5000,790,2,45.37852112676057,0.47916666666666663,52.083333333333336,0.0,100,1,1,0,145,203,200,148,40248.815380538166,40548.815380538166,-300.0,-200.0,0,0,0.0,0.0,58299662615227096512575860628,8
169470,5000,763,2,45.37852112676057,0.5104166666666667,48.958333333333336,0.0,0,0,0,0,166,223,235,154,21255.66044184285,21455.66044184285,-200.0,-250.0,0,0,0.0,0.0,73411651200029038754317525792,8
169852,5000,753,2,45.37852112676057,0.5104166666666667,48.958333333333336,0.0,0,0,0,0,139,209,200,148,815.3157147434958,1015.3157147434958,-200.0,-300.0,0,0,0.0,0.0,44281751471367733421225976386,8
170697,5000,732,2,45.37852112676057,0.5,50.0,0.0,100,1,1,0,141,202,209,134,82773.53167656859,83073.53167656859,-300.0,-200.0,0,0,0.0,0.0,58304081520483602890918366202,8
170797,5000,730,2,45.37852112676057,0.53125,46.875,0.0,50,1,0,1,114,185,171,128,55150.82911629348,55400.82911629348,-250.0,-200.0,0,0,0.0,0.0,17999193028252675186094189254,8
170995,5000,725,3,45.37852112676057,0.5625,43.75,0.0063958513396715705,50,1,0,1,145,202,201,146,163922.5380101892,164089.56170944683,-167.02369925765117,1146.370806775185,50.951933861247596,210.46748391973864,2312.1234071719314,9288.901453765384,29069923263139887662557586488,8
171191,5000,720,3,45.37852112676057,0.5625,43.75,0.0063958513396715705,0,0,0,0,144,199,198,145,32472.659860462194,32589.683559719844,-117.02369925765116,-195.30730247670638,50.951933861247596,12.201013560563986,2312.1234071719314,538.487040797968,12997292239792718822430382864,8
171372,5000,715,3,45.37852112676057,0.5625,43.75,0.0063958513396715705,50,1,0,1,104,160,148,116,48875.87968038661,49042.90337964427,-167.02369925765117,190.74039221302888,50.951933861247596,111.33424874015131,2312.1234071719314,4913.694247281675,58778352709477596803812729740,8
171477,5000,713,3,45.37852112676057,0.5520833333333333,44.791666666666664,0.0023048112935753606,0,0,0,0,108,170,164,114,116170.57969298516,116359.80442464755,-189.2247316623845,-300.0,18.36105724729659,0,833.1976242061085,0.0,8538706555609588375895862822,8
172755,5000,681,2,45.37852112676057,0.5104166666666667,48.958333333333336,0.0,0,0,0,0,115,178,159,134,7803.137196047737,8003.137196047737,-200.0,-200.0,0,0,0.0,0.0,56985082790937704963175680888,8
173131,5000,671,2,45.37852112676057,0.5208333333333333,47.916666666666664,0.0,0,0,0,0,133,179,166,146,42638.1044329751,42838.1044329751,-200.0,-300.0,0,0,0.0,0.0,11036913379013948195790973232,8
174078,5000,648,2,45.37852112676057,0.41666666666666663,58.333333333333336,0.0,0,0,0,0,102,167,148,121,35265.75183791356,35465.75183791356,-200.0,-300.0,0,0,0.0,0.0,43330401078572468737776665442,8
174089,5000,647,2,45.37852112676057,0.5208333333333333,47.916666666666664,0.0,0,0,0,0,132,162,167,127,15984.337936338077,16184.337936338077,-200.0,-250.0,0,0,0.0,0.0,18271419673062193021196545866,8
175039,5000,624,3,45.37852112676057,0.6145833333333333,38.541666666666664,0.026851051570152676,50,1,0,1,111,155,162,104,53281.616915741164,52069.17055878918,1212.4463569519885,457.10800597014463,213.9063169310031,144.37866046668034,9706.752322001066,6372.0966494429085,62410429188059353355124817848,8
175067,5000,623,2,45.37852112676057,0.46875,53.125,0.0,0,0,0,0,101,173,147,127,74725.7399442058,74925.7399442058,-200.0,-250.0,0,0,0.0,0.0,17911475069934129727193278312,8
175447,5000,613,2,45.37852112676057,0.45833333333333337,54.166666666666664,0.0,0,0,0,0,115,166,154,127,14002.169970401701,14202.169970401701,-200.0,-200.0,0,0,0.0,0.0,7553484463884133240886859970,8
175510,5000,612,2,45.37852112676057,0.5208333333333333,47.916666666666664,0.0,0,0,0,0,99,148,155,92,93298.88721573613,93498.88721573613,-200.0,-200.0,0,0,0.0,0.0,47188643561639746642170432688,8
177192,5000,570,2,45.37852112676057,0.5416666666666667,45.833333333333336,0.0,0,0,0,0,120,169,181,108,26065.119522294888,26265.119522294888,-200.0,-295.30730247670635,0,12.201013560563986,0.0,538.487040797968,58786908688715843126853465736,8
177482,5000,562,3,45.37852112676057,0.5520833333333333,44.791666666666664,0.0023048112935753606,0,0,0,0,111,154,153,112,75044.87857526992,75234.1033069323,-189.2247316623845,-300.0,18.36105724729659,0,833.1976242061085,0.0,47516621410154741483046728450,8
177518,5000,562,2,45.37852112676057,0.53125,46.875,0.0,0,0,0,0,107,158,156,109,17136.82808163769,17336.82808163769,-200.0,-200.0,0,0,0.0,0.0,60133129612440853000459712082,8
178101,5000,547,2,45.37852112676057,0.46875,53.125,0.0,0,0,0,0,98,160,149,109,37623.2657297071,37823.2657297071,-200.0,-200.0,0,0,0.0,0.0,52515780350048721327893577254,8
179347,5000,516,2,45.37852112676057,0.5,50.0,0.0,100,1,1,0,84,127,128,83,7744.176188322203,8044.176188322203,-300.0,-195.30730247670638,0,12.201013560563986,0.0,538.487040797968,58174801742330138198474891360,8
180184,5000,495,3,45.37852112676057,0.5625,43.75,0.0063958513396715705,100,1,1,0,117,148,141,124,33465.757656059126,33682.78135531678,-217.02369925765117,-300.0,50.951933861247596,0,2312.1234071719314,0.0,48640022328588758239278263984,8
181703,5000,457,3,45.37852112676057,0.5729166666666667,42.708333333333336,0.01048689138576778,0,0,0,0,91,125,131,85,7078.133191233077,7055.058198473597,23.074992759479983,90.74039221302888,83.5428104751986,111.33424874015131,3791.049190137754,4913.694247281675,67445932480106172122591699688,8
181716,5000,457,3,45.37852112676057,0.5833333333333333,41.666666666666664,0.014577931431864019,0,0,0,0,80,120,115,85,29583.585831558878,29352.51448716987,231.07134438901062,-6.78469711381814,116.13368708914984,78.28983701362228,5269.974973103587,3455.291845120443,42607633958980552978400371250,8
181760,5000,456,2,45.37852112676057,0.5416666666666667,45.833333333333336,0.0,50,1,0,1,87,131,123,95,31091.127492403426,31341.127492403426,-250.0,357.10800597014463,0,144.37866046668034,0.0,6372.0966494429085,30302450353849454736651749456,8
182089,5000,447,2,45.37852112676057,0.5104166666666667,48.958333333333336,0.0,0,0,0,0,49,102,81,70,39632.176298644474,39832.176298644474,-200.0,-200.0,0,0,0.0,0.0,67288005385770131768485412923,8
182659,5000,433,3,45.37852112676057,0.59375,40.625,0.018668971477960226,0,0,0,0,89,119,126,82,71244.87150285399,70737.90614722305,506.96535563093767,692.3181441575315,148.72456370310084,177.4230721932096,6748.900756069409,7830.499051604152,78509993016873910958646083560,8
186240,5000,344,2,45.37852112676057,0.48958333333333337,51.041666666666664,0.0,0,0,0,0,48,97,84,61,11670.112189636959,11870.112189636959,-200.0,-300.0,0,0,0.0,0.0,11185821766630096262198260726,8
186621,5000,334,2,45.37852112676057,0.53125,46.875,0.0,0,0,0,0,62,100,90,72,20948.02744213841,21148.02744213841,-200.0,90.74039221302888,0,111.33424874015131,0.0,4913.694247281675,18302237760683633470149231678,8
187216,5000,319,3,45.37852112676057,0.59375,40.625,0.018668971477960226,0,0,0,0,50,86,80,56,13360.425107475567,12853.459751844628,506.96535563093767,792.3181441575315,148.72456370310084,177.4230721932096,6748.900756069409,7830.499051604152,18336163692311821108365001459,8
187526,5000,311,2,45.37852112676057,0.44791666666666663,55.208333333333336,0.0,100,1,1,0,54,88,80,62,17496.152269675527,17796.152269675527,-300.0,-300.0,0,0,0.0,0.0,22870650234285914637598287650,8
187870,5000,303,2,45.37852112676057,0.5208333333333333,47.916666666666664,0.0,100,1,1,0,59,83,85,57,6243.546834159002,6543.546834159002,-300.0,-200.0,0,0,0.0,0.0,17556886588931286202096724690,8
187918,5000,302,3,45.37852112676057,0.6145833333333333,38.541666666666664,0.026851051570152676,0,0,0,0,60,84,89,55,105603.20892958993,104340.76257263795,1262.4463569519885,792.3181441575315,213.9063169310031,177.4230721932096,9706.752322001066,7830.499051604152,12834357617650116323583657848,8
188283,5000,292,2,45.37852112676057,0.5104166666666667,48.958333333333336,0.0,0,0,0,0,46,80,74,52,110132.75454367018,110332.75454367018,-200.0,-200.0,0,0,0.0,0.0,29785294631639826166882247250,8
188336,5000,291,2,45.37852112676057,0.42708333333333337,57.291666666666664,0.0,100,1,1,0,56,80,80,56,24627.48557971241,24927.48557971241,-300.0,-200.0,0,0,0.0,0.0,71163805220517810866822580738,8
188581,5000,285,2,45.37852112676057,0.5208333333333333,47.916666666666664,0.0,100,1,1,0,58,82,86,54,36298.82716479449,36598.82716479449,-300.0,-200.0,0,0,0.0,0.0,2698652059187974048595504930,8
188659,5000,283,2,45.37852112676057,0.48958333333333337,51.041666666666664,0.0,0,0,0,0,58,85,80,63,14633.022692685634,14833.022692685634,-200.0,-200.0,0,0,0.0,0.0,43875590522499617550535367990,8
188980,5000,275,2,45.37852112676057,0.5104166666666667,48.958333333333336,0.0,50,1,0,1,61,80,81,60,37849.02909606352,38099.02909606352,-250.0,-200.0,0,0,0.0,0.0,54843183028294529125429322864,8
189154,5000,271,2,45.37852112676057,0.5416666666666667,45.833333333333336,0.0,0,0,0,0,57,76,78,55,23347.636010884682,23547.636010884682,-200.0,-200.0,0,0,0.0,0.0,8568950948787528407759678054,8
189210,5000,269,2,45.37852112676057,0.53125,46.875,0.0,0,0,0,0,63,76,72,67,28124.64582631221,28324.64582631221,-200.0,-200.0,0,0,0.0,0.0,17389869900811184937562860632,8
189570,5000,260,2,45.37852112676057,0.5104166666666667,48.958333333333336,0.0,100,1,1,0,46,80,64,62,16709.089416923616,17009.089416923616,-300.0,-135.46726201039715,0,45.24542528709302,0.0,1996.8894429592008,67372913547021259594972422593,8
189591,5000,260,2,45.37852112676057,0.47916666666666663,52.083333333333336,0.0,100,1,1,0,71,81,80,72,44698.07041784146,44998.07041784146,-300.0,-300.0,0,0,0.0,0.0,3944733151518303926062019698,8
189963,5000,250,2,45.37852112676057,0.46875,53.125,0.0,100,1,1,0,43,67,69,41,94235.50613287398,94535.50613287398,-300.0,-200.0,0,0,0.0,0.0,42161135870220355327305485864,8
190222,5000,244,2,45.37852112676057,0.48958333333333337,51.041666666666664,0.0,100,1,1,0,38,72,58,52,20641.369503892307,20941.369503892307,-300.0,-200.0,0,0,0.0,0.0,54297408677914617949487773184,8
190424,5000,239,2,45.37852112676057,0.44791666666666663,55.208333333333336,0.0,0,0,0,0,44,71,59,56,65662.83700409753,65862.83700409753,-200.0,-200.0,0,0,0.0,0.0,68444574774403070175203868008,8
190517,5000,237,3,45.37852112676057,0.59375,40.625,0.018668971477960226,0,0,0,0,38,78,63,53,135029.9938613755,134523.02850574456,506.96535563093767,190.74039221302888,148.72456370310084,111.33424874015131,6748.900756069409,4913.694247281675,7790345670406397720530530218,8
190945,5000,226,2,45.37852112676057,0.46875,53.125,0.0,100,1,1,0,42,69,62,49,10692.682177977687,10992.682177977687,-300.0,-300.0,0,0,0.0,0.0,6549241846046283210440708024,8
191360,5000,216,2,45.37852112676057,0.5,50.0,0.0,0,0,0,0,32,70,55,47,1822.9947897168458,2022.9947897168458,-200.0,-200.0,0,0,0.0,0.0,40042814653797721562931857386,8
191384,5000,215,2,45.37852112676057,0.5416666666666667,45.833333333333336,0.0,50,1,0,1,37,69,59,47,29933.643461230815,30183.643461230815,-250.0,-250.0,0,0,0.0,0.0,17970926881506141690179632576,8
191788,5000,205,2,45.37852112676057,0.53125,46.875,0.0,100,1,1,0,42,60,52,50,23677.154878172194,23977.154878172194,-300.0,-200.0,0,0,0.0,0.0,32703317216904420881379765860,8
191831,5000,204,2,45.37852112676057,0.40625,59.375,0.0,50,1,0,1,40,65,61,44,13399.169566866964,13649.169566866964,-250.0,-200.0,0,0,0.0,0.0,57094023537243382486233826610,8
191862,5000,203,3,45.37852112676057,0.59375,40.625,0.018668971477960226,100,1,1,0,45,72,64,53,31185.98635897937,30779.021003348433,406.96535563093767,190.74039221302888,148.72456370310084,111.33424874015131,6748.900756069409,4913.694247281675,7965409994024797185158578865,8
192226,5000,194,2,45.37852112676057,0.5208333333333333,47.916666666666664,0.0,0,0,0,0,35,64,54,45,15385.367437503874,15585.367437503874,-200.0,-300.0,0,0,0.0,0.0,79037566201931877163865739248,8
192250,5000,193,2,45.37852112676057,0.5,50.0,0.0,100,1,1,0,32,68,58,42,15648.066812765308,15948.066812765308,-300.0,-200.0,0,0,0.0,0.0,15236163950800831865949180592,8
192331,5000,191,2,45.37852112676057,0.5104166666666667,48.958333333333336,0.0,50,1,0,1,56,67,62,61,9081.29455129242,9331.29455129242,-250.0,-200.0,0,0,0.0,0.0,48784225613713508262824534648,8
192407,5000,189,3,45.37852112676057,0.6041666666666667,39.583333333333336,0.02276001152405644,100,1,1,0,50,65,66,49,7228.046978802062,6477.289952316799,750.7570264852627,190.74039221302888,181.31544031705187,111.33424874015131,8227.826539035234,4913.694247281675,10978658644500871616324057024,8
192422,5000,189,2,45.37852112676057,0.5,50.0,0.0,100,1,1,0,40,73,65,48,49287.758484722486,49587.758484722486,-300.0,-185.46726201039715,0,45.24542528709302,0.0,1996.8894429592008,13917323812757716365421491544,8
192440,5000,189,2,45.37852112676057,0.41666666666666663,58.333333333333336,0.0,0,0,0,0,38,53,46,45,16609.437756628104,16809.437756628104,-200.0,-300.0,0,0,0.0,0.0,7017822100877923369299012944,8
192477,5000,188,2,45.37852112676057,0.47916666666666663,52.083333333333336,0.0,100,1,1,0,44,64,63,45,19942.7863110783,20242.7863110783,-300.0,-200.0,0,0,0.0,0.0,77344766715629969244184138562,8
192491,5000,187,3,45.37852112676057,0.59375,40.625,0.018668971477960226,100,1,1,0,44,62,65,41,16297.21290255804,15890.247546927103,406.96535563093767,792.3181441575315,148.72456370310084,177.4230721932096,6748.900756069409,7830.499051604152,15389065890053635287931331297,8
192507,5000,187,3,45.37852112676057,0.5520833333333333,44.791666666666664,0.0023048112935753606,0,0,0,0,32,62,46,48,36103.15225679662,36292.376988459,-189.2247316623845,-200.0,18.36105724729659,0,833.1976242061085,0.0,76479166310256639850873006656,8
192525,5000,186,2,45.37852112676057,0.53125,46.875,0.0,0,0,0,0,33,50,52,31,20242.60010891294,20442.60010891294,-200.0,-300.0,0,0,0.0,0.0,19860778740540760062637516338,8
192649,5000,183,2,45.37852112676057,0.5104166666666667,48.958333333333336,0.0,0,0,0,0,40,58,56,42,15402.783518099575,15602.783518099575,-200.0,-250.0,0,0,0.0,0.0,48715506434605196037874077308,8
192728,5000,181,2,45.37852112676057,0.44791666666666663,55.208333333333336,0.0,0,0,0,0,30,51,48,33,114627.04804341444,114827.04804341444,-200.0,-200.0,0,0,0.0,0.0,58697151322756291415884090732,8
193022,5000,174,2,45.37852112676057,0.5416666666666667,45.833333333333336,0.0,0,0,0,0,37,62,58,41,117305.6077301247,117505.6077301247,-200.0,457.10800597014463,0,144.37866046668034,0.0,6372.0966494429085,14904306256350142280596637800,8
193037,5000,174,2,45.37852112676057,0.5104166666666667,48.958333333333336,0.0,0,0,0,0,34,46,48,32,6000.5514089912585,6200.5514089912585,-200.0,-250.0,0,0,0.0,0.0,66974591756671042837573616666,8
193223,5000,169,3,45.37852112676057,0.5625,43.75,0.0063958513396715705,0,0,0,0,34,50,48,36,48801.09495107642,48918.11865033407,-117.02369925765116,-6.78469711381814,50.951933861247596,78.28983701362228,2312.1234071719314,3455.291845120443,7652636849872918678125079386,8
193339,5000,166,2,45.37852112676057,0.5208333333333333,47.916666666666664,0.0,0,0,0,0,31,55,49,37,513.4636016707402,713.4636016707402,-200.0,-200.0,0,0,0.0,0.0,57270689110605193884722462208,8
193500,5000,162,2,45.37852112676057,0.5104166666666667,48.958333333333336,0.0,0,0,0,0,34,51,52,33,45432.93568651527,45632.93568651527,-200.0,-200.0,0,0,0.0,0.0,48820734067574433339049339432,8
193641,5000,158,2,45.37852112676057,0.46875,53.125,0.0,0,0,0,0,41,51,51,41,29429.948059228256,29629.948059228256,-200.0,-200.0,0,0,0.0,0.0,76813132146589054577324119688,8
193764,5000,155,3,45.37852112676057,0.6145833333333333,38.541666666666664,0.026851051570152676,100,1,1,0,30,46,45,31,121675.05647729423,120512.61012034224,1162.4463569519885,457.10800597014463,213.9063169310031,144.37866046668034,9706.752322001066,6372.0966494429085,18394417819227659876453108474,8
193796,5000,155,2,45.37852112676057,0.48958333333333337,51.041666666666664,0.0,50,1,0,1,41,54,55,40,46259.251908718754,46509.251908718754,-250.0,-200.0,0,0,0.0,0.0,44150092883938590655561345985,8
193892,5000,152,2,45.37852112676057,0.5208333333333333,47.916666666666664,0.0,0,0,0,0,31,47,44,34,2582.0522314381924,2782.0522314381924,-200.0,-200.0,0,0,0.0,0.0,49159028729344858297111268032,8
194026,5000,149,3,45.37852112676057,0.5520833333333333,44.791666666666664,0.0023048112935753606,50,1,0,1,31,51,49,33,17308.334482847065,17547.55921450945,-239.2247316623845,-200.0,18.36105724729659,0,833.1976242061085,0.0,49028397753775104830819212298,8
194185,5000,145,2,45.37852112676057,0.5104166666666667,48.958333333333336,0.0,0,0,0,0,30,50,41,39,14640.037758910483,14840.037758910483,-200.0,-200.0,0,0,0.0,0.0,51482199647911739435533344608,8
194343,5000,141,2,45.37852112676057,0.5416666666666667,45.833333333333336,0.0,100,1,1,0,39,53,56,36,4205.902073533436,4505.902073533436,-300.0,-250.0,0,0,0.0,0.0,37409000973498636123213580908,8
194349,5000,141,2,45.37852112676057,0.375,62.5,0.0,50,1,0,1,23,51,41,33,28666.49501110806,28916.49501110806,-250.0,-200.0,0,0,0.0,0.0,3172533804272857127223610118,8
194432,5000,139,3,45.37852112676057,0.5520833333333333,44.791666666666664,0.0023048112935753606,100,1,1,0,31,47,40,38,30780.192807922314,31069.417539584698,-289.2247316623845,-200.0,18.36105724729659,0,833.1976242061085,0.0,18590038916808487963933720550,8
194478,5000,138,2,45.37852112676057,0.5,50.0,0.0,0,0,0,0,26,54,46,34,28988.132594163606,29188.132594163606,-200.0,-250.0,0,0,0.0,0.0,59345361942670822992364230770,8
194692,5000,132,2,45.37852112676057,0.47916666666666663,52.083333333333336,0.0,0,0,0,0,31,49,47,33,25094.756584555143,25294.756584555143,-200.0,-200.0,0,0,0.0,0.0,39867488508727062908935604832,8
194787,5000,130,2,45.37852112676057,0.44791666666666663,55.208333333333336,0.0,0,0,0,0,28,43,37,34,2372.6708967619525,2572.6708967619525,-200.0,-300.0,0,0,0.0,0.0,44561461330890786696956781856,8
194939,5000,126,3,45.37852112676057,0.5625,43.75,0.0063958513396715705,100,1,1,0,35,42,47,30,3833.8630559740704,4050.8867552317215,-217.02369925765117,-295.30730247670635,50.951933861247596,12.201013560563986,2312.1234071719314,538.487040797968,7512439045114268519248607355,8
195067,5000,123,2,45.37852112676057,0.5,50.0,0.0,100,1,1,0,28,44,38,34,118019.55420656674,118319.55420656674,-300.0,-200.0,0,0,0.0,0.0,14149293787702381799515165504,8
195101,5000,122,2,45.37852112676057,0.46875,53.125,0.0,50,1,0,1,32,48,44,36,22294.098735270407,22544.098735270407,-250.0,-300.0,0,0,0.0,0.0,62879128019801073962659433526,8
195430,5000,114,3,45.37852112676057,0.5833333333333333,41.666666666666664,0.014577931431864019,0,0,0,0,20,41,35,26,13811.212370399502,13580.141026010491,231.07134438901062,1196.370806775185,116.13368708914984,210.46748391973864,5269.974973103587,9288.901453765384,37952379717076372214195973568,8
195636,5000,109,2,45.37852112676057,0.5104166666666667,48.958333333333336,0.0,0,0,0,0,29,39,37,31,109744.24650932285,109944.24650932285,-200.0,-300.0,0,0,0.0,0.0,58257915171471889021709905108,8
195640,5000,109,2,45.37852112676057,0.48958333333333337,51.041666666666664,0.0,0,0,0,0,29,45,37,37,30842.23747840812,31042.23747840812,-200.0,-300.0,0,0,0.0,0.0,56612285786068421727556004458,8
195687,5000,107,3,45.37852112676057,0.5625,43.75,0.0063958513396715705,50,1,0,1,26,32,32,26,14582.524734058728,14749.54843331638,-167.02369925765117,-200.0,50.951933861247596,0,2312.1234071719314,0.0,62223833731993681085389831824,8
195859,5000,103,3,45.37852112676057,0.5729166666666667,42.708333333333336,0.01048689138576778,0,0,0,0,27,37,38,26,10974.021473125227,10950.946480365747,23.074992759479983,140.74039221302888,83.5428104751986,111.33424874015131,3791.049190137754,4913.694247281675,48486943821129394021663419074,8
196149,5000,96,2,45.37852112676057,0.48958333333333337,51.041666666666664,0.0,0,0,0,0,25,32,35,22,109965.21044920957,110165.21044920957,-200.0,-200.0,0,0,0.0,0.0,55917115692759656651536109104,8
196260,5000,93,3,45.37852112676057,0.5520833333333333,44.791666666666664,0.0023048112935753606,100,1,1,0,28,39,37,30,53850.10867544861,54139.33340711099,-289.2247316623845,-200.0,18.36105724729659,0,833.1976242061085,0.0,48568173956873116420196283248,8
196288,5000,92,2,45.37852112676057,0.47916666666666663,52.083333333333336,0.0,100,1,1,0,32,36,46,22,37026.806880035634,37326.806880035634,-300.0,-300.0,0,0,0.0,0.0,42777905339384890307096104790,8
196337,5000,91,2,45.37852112676057,0.48958333333333337,51.041666666666664,0.0,0,0,0,0,23,38,32,29,40198.86816443765,40398.86816443765,-200.0,-250.0,0,0,0.0,0.0,38880496322489427584542738320,8
196365,5000,90,2,45.37852112676057,0.45833333333333337,54.166666666666664,0.0,0,0,0,0,22,25,27,20,17471.197078537953,17671.197078537953,-200.0,-200.0,0,0,0.0,0.0,39978181808936023160073555714,8
196498,5000,87,2,45.37852112676057,0.40625,59.375,0.0,0,0,0,0,20,34,32,22,57791.66829232221,57991.66829232221,-200.0,-200.0,0,0,0.0,0.0,54835809727063896840293051671,8
196513,5000,87,2,45.37852112676057,0.5416666666666667,45.833333333333336,0.0,50,1,0,1,25,33,33,25,39569.07010713255,39819.07010713255,-250.0,-6.78469711381814,0,78.28983701362228,0.0,3455.291845120443,8942508840879505040403271360,8
196678,5000,83,2,45.37852112676057,0.53125,46.875,0.0,0,0,0,0,18,32,24,26,45397.55699147859,45597.55699147859,-200.0,-200.0,0,0,0.0,0.0,6708354194491745443338324084,8
196705,5000,82,2,45.37852112676057,0.45833333333333337,54.166666666666664,0.0,0,0,0,0,21,34,31,24,8130.304834565613,8330.304834565613,-200.0,-200.0,0,0,0.0,0.0,48298804329479014632553046211,8
196767,5000,80,2,45.37852112676057,0.42708333333333337,57.291666666666664,0.0,0,0,0,0,19,31,27,23,280728.39681469457,280928.39681469457,-200.0,-250.0,0,0,0.0,0.0,49556954852753805365997195112,8
196894,5000,77,2,45.37852112676057,0.53125,46.875,0.0,100,1,1,0,24,33,38,19,31632.96867433151,31932.96867433151,-300.0,-300.0,0,0,0.0,0.0,11195889837460462929892265196,8
196977,5000,75,2,45.37852112676057,0.46875,53.125,0.0,100,1,1,0,21,31,30,22,9898.92296863982,10198.92296863982,-300.0,-200.0,0,0,0.0,0.0,46306731818521432103588604995,8
197179,5000,70,2,45.37852112676057,0.47916666666666663,52.083333333333336,0.0,50,1,0,1,21,29,27,23,14973.440441586776,15223.440441586776,-250.0,-200.0,0,0,0.0,0.0,24895964932420257310308869717,8
197262,5000,68,2,45.37852112676057,0.41666666666666663,58.333333333333336,0.0,0,0,0,0,13,26,18,21,24697.373907774254,24897.373907774254,-200.0,-200.0,0,0,0.0,0.0,36177297365666127598369409370,8
197275,5000,68,2,45.37852112676057,0.47916666666666663,52.083333333333336,0.0,50,1,0,1,22,28,27,23,6935.163716816081,7185.163716816081,-250.0,-300.0,0,0,0.0,0.0,57370882047982480620893284395,8
197291,5000,67,2,45.37852112676057,0.4375,56.25,0.0,0,0,0,0,20,29,26,23,44156.06343243974,44356.06343243974,-200.0,-300.0,0,0,0.0,0.0,52265686922192094038758960194,8
197404,5000,64,3,45.37852112676057,0.5520833333333333,44.791666666666664,0.0023048112935753606,100,1,1,0,19,26,25,20,24020.32450255221,24309.54923421459,-289.2247316623845,-200.0,18.36105724729659,0,833.1976242061085,0.0,23204433347237106180468400108,8
197457,5000,63,2,45.37852112676057,0.48958333333333337,51.041666666666664,0.0,0,0,0,0,20,23,23,20,15861.570975536324,16061.570975536324,-200.0,-300.0,0,0,0.0,0.0,57168307079309220857976556876,8
197572,5000,60,3,45.37852112676057,0.5729166666666667,42.708333333333336,0.01048689138576778,100,1,1,0,23,31,30,24,11670.21250892325,11747.13751616377,-76.92500724052002,-56.78469711381814,83.5428104751986,78.28983701362228,3791.049190137754,3455.291845120443,25271482810008384130772824652,8
197599,5000,60,2,45.37852112676057,0.5104166666666667,48.958333333333336,0.0,0,0,0,0,22,26,30,18,22803.251312291137,23003.251312291137,-200.0,-250.0,0,0,0.0,0.0,78291953117778484613033532474,8
197822,5000,54,2,45.37852112676057,0.5208333333333333,47.916666666666664,0.0,0,0,0,0,15,26,21,20,40659.646271329366,40859.646271329366,-200.0,-245.30730247670638,0,12.201013560563986,0.0,538.487040797968,42051851679173413497749893424,8
197918,5000,52,3,45.37852112676057,0.5520833333333333,44.791666666666664,0.0023048112935753606,100,1,1,0,16,29,24,21,9853.792214506253,10143.016946168638,-289.2247316623845,-200.0,18.36105724729659,0,833.1976242061085,0.0,47612669003860946947714908138,8
198144,5000,46,3,45.37852112676057,0.5729166666666667,42.708333333333336,0.01048689138576778,100,1,1,0,16,23,21,18,15905.717871124276,15982.642878364795,-76.92500724052002,-135.46726201039715,83.5428104751986,45.24542528709302,3791.049190137754,1996.8894429592008,55167401378233500392101071448,8
198382,5000,40,3,45.37852112676057,0.5833333333333333,41.666666666666664,0.014577931431864019,0,0,0,0,14,23,18,19,7751.659308149134,7520.587963760123,231.07134438901062,457.10800597014463,116.13368708914984,144.37866046668034,5269.974973103587,6372.0966494429085,73313444221886637114249843955,8
198472,5000,38,2,45.37852112676057,0.5104166666666667,48.958333333333336,0.0,0,0,0,0,15,17,17,15,13824.05014850221,14024.05014850221,-200.0,-250.0,0,0,0.0,0.0,44228357858145136129534325776,8
198483,5000,37,3,45.37852112676057,0.59375,40.625,0.018668971477960226,0,0,0,0,21,20,22,19,48105.802453286014,47598.83709765508,506.96535563093767,692.3181441575315,148.72456370310084,177.4230721932096,6748.900756069409,7830.499051604152,52426664088211544147209380466,8
198641,5000,33,3,45.37852112676057,0.5625,43.75,0.0063958513396715705,0,0,0,0,13,21,15,19,6322.967796330534,6439.991495588185,-117.02369925765116,-200.0,50.951933861247596,0,2312.1234071719314,0.0,29057010925024435341914075030,8
198737,5000,31,2,45.37852112676057,0.48958333333333337,51.041666666666664,0.0,0,0,0,0,15,20,19,16,2415.866256481115,2615.866256481115,-200.0,-200.0,0,0,0.0,0.0,7882942371938906477739362971,8
198749,5000,31,2,45.37852112676057,0.47916666666666663,52.083333333333336,0.0,0,0,0,0,12,24,17,19,19642.68580278918,19842.68580278918,-200.0,-200.0,0,0,0.0,0.0,21654415440030529964814546710,8
198758,5000,31,3,45.37852112676057,0.6354166666666667,36.458333333333336,0.0350331316623451,0,0,0,0,15,23,22,16,19479.96028687211,17190.44229014948,2289.517996722628,2771.5839412097616,279.0880701589051,309.60071909932594,12664.603887932712,13664.10866024909,37600093331018454495836445744,8
199047,5000,23,3,45.37852112676057,0.5520833333333333,44.791666666666664,0.0023048112935753606,50,1,0,1,15,19,16,18,31533.17271641622,31772.397448078602,-239.2247316623845,-6.78469711381814,18.36105724729659,78.28983701362228,833.1976242061085,3455.291845120443,62093253836722824578414803018,8
199074,5000,23,3,45.37852112676057,0.6354166666666667,36.458333333333336,0.0350331316623451,100,1,1,0,14,17,17,14,14558.390648294298,12368.87265157167,2189.517996722628,1096.370806775185,279.0880701589051,210.46748391973864,12664.603887932712,9288.901453765384,20284103370787570515482520676,8
199125,5000,21,3,45.37852112676057,0.65625,34.375,0.04321521175453754,50,1,0,1,17,16,21,12,87883.85951705108,84345.67924210822,3538.180274942864,4199.2719863174925,344.26982338680733,375.68954255238424,15622.455453864366,16580.913464571568,12896857662507280874213801659,8
199144,5000,21,2,45.37852112676057,0.48958333333333337,51.041666666666664,0.0,0,0,0,0,14,16,15,15,5469.958465566548,5669.958465566548,-200.0,-200.0,0,0,0.0,0.0,51014947308287229216093280,8
199161,5000,20,2,45.37852112676057,0.5,50.0,0.0,0,0,0,0,11,16,15,12,10420.656673104566,10620.656673104566,-200.0,-200.0,0,0,0.0,0.0,43482929745799456847730106344,8
199169,5000,20,3,45.37852112676057,0.5729166666666667,42.708333333333336,0.01048689138576778,100,1,1,0,16,16,19,13,4605.279050708463,4682.204057948983,-76.92500724052002,-195.30730247670638,83.5428104751986,12.201013560563986,3791.049190137754,538.487040797968,29964347555126418006147099002,8
199257,5000,18,3,45.37852112676057,0.6666666666666667,33.333333333333336,0.047306251800633754,0,0,0,0,14,17,20,11,23409.068981087225,19069.711077615648,4339.357903471577,1196.370806775185,376.86070000075836,210.46748391973864,17101.381236830188,9288.901453765384,27496213450179646711619009136,8
199328,5000,16,3,45.37852112676057,0.5520833333333333,44.791666666666664,0.0023048112935753606,0,0,0,0,10,15,13,12,68089.23343525155,68278.45816691393,-189.2247316623845,190.74039221302888,18.36105724729659,111.33424874015131,833.1976242061085,4913.694247281675,2690118919009950278255527092,8
199338,5000,16,3,45.37852112676057,0.59375,40.625,0.018668971477960226,0,0,0,0,12,15,11,16,4641.451379361026,4134.486023730088,506.96535563093767,-235.46726201039715,148.72456370310084,45.24542528709302,6748.900756069409,1996.8894429592008,4033381234255983850908901493,8
199363,5000,15,3,45.37852112676057,0.625,37.5,0.030942091616248887,50,1,0,1,15,15,16,14,5751.680660889105,4059.647313857995,1692.0333470311095,407.10800597014463,246.49719354495411,144.37866046668034,11185.678104966888,6372.0966494429085,33683428578492571853094520816,8
199401,5000,14,3,45.37852112676057,0.5520833333333333,44.791666666666664,0.0023048112935753606,100,1,1,0,12,14,13,13,2988.921206359825,3278.1459380222095,-289.2247316623845,792.3181441575315,18.36105724729659,177.4230721932096,833.1976242061085,7830.499051604152,37041928488795515033820657564,8
199402,5000,14,2,45.37852112676057,0.48958333333333337,51.041666666666664,0.0,50,1,0,1,11,14,13,12,826.0837322801863,1076.0837322801863,-250.0,-200.0,0,0,0.0,0.0,23096867808746550318691390719,8
199415,5000,14,3,45.37852112676057,0.5833333333333333,41.666666666666664,0.014577931431864019,0,0,0,0,11,17,16,12,3015.650451142803,2784.579106753792,231.07134438901062,-6.78469711381814,116.13368708914984,78.28983701362228,5269.974973103587,3455.291845120443,52464966074848376314305836864,8
199422,5000,14,2,45.37852112676057,0.5416666666666667,45.833333333333336,0.0,100,1,1,0,17,13,14,16,248.8648488318604,548.8648488318604,-300.0,-300.0,0,0,0.0,0.0,59721349952986417650086208924,8
199433,5000,14,3,45.37852112676057,0.6145833333333333,38.541666666666664,0.026851051570152676,100,1,1,0,13,17,14,16,33019.215364857126,31856.769007905135,1162.4463569519885,792.3181441575315,213.9063169310031,177.4230721932096,9706.752322001066,7830.499051604152,17565501555375649982320161688,8
199566,5000,10,3,45.37852112676057,0.6041666666666667,39.583333333333336,0.02276001152405644,50,1,0,1,10,14,14,10,4193.968725498584,3393.2116990133213,800.7570264852627,-56.78469711381814,181.31544031705187,78.28983701362228,8227.826539035234,3455.291845120443,69578616679828959037041866449,8
199646,5000,8,3,45.37852112676057,0.6041666666666667,39.583333333333336,0.02276001152405644,100,1,1,0,12,11,12,11,31038.95537547218,30288.198348986916,750.7570264852627,1669.265993823107,181.31544031705187,243.51189564626765,8227.826539035234,10747.303855926615,23098822826353343250486416440,8
199672,5000,8,3,45.37852112676057,0.5520833333333333,44.791666666666664,0.0023048112935753606,0,0,0,0,15,11,15,11,867.799827404129,1057.0245590665136,-189.2247316623845,90.74039221302888,18.36105724729659,111.33424874015131,833.1976242061085,4913.694247281675,9803845685203936259011008233,8
199697,5000,7,3,45.37852112676057,0.5520833333333333,44.791666666666664,0.0023048112935753606,0,0,0,0,11,12,12,11,227.35324792968055,416.57797959206505,-189.2247316623845,-250.0,18.36105724729659,0,833.1976242061085,0.0,3089321634570750322562878446,8
199843,5000,3,3,45.37852112676057,0.59375,40.625,0.018668971477960226,50,1,0,1,11,11,11,11,3545.75149551924,3088.7861398883024,456.96535563093767,1146.370806775185,148.72456370310084,210.46748391973864,6748.900756069409,9288.901453765384,17539645396550385726142828768,8
199892,5000,2,3,45.37852112676057,0.59375,40.625,0.018668971477960226,0,0,0,0,10,11,11,10,868.397943522837,361.4325878918993,506.96535563093767,140.74039221302888,148.72456370310084,111.33424874015131,6748.900756069409,4913.694247281675,76232024395095286694452304248,8
199896,5000,2,3,45.37852112676057,0.625,37.5,0.030942091616248887,100,1,1,0,10,11,10,11,2594.5713091234693,952.5379620923599,1642.0333470311095,457.10800597014463,246.49719354495411,144.37866046668034,11185.678104966888,6372.0966494429085,47675773042917353389103094904,8
199901,5000,2,2,45.37852112676057,0.5416666666666667,45.833333333333336,0.0,0,0,0,0,10,10,10,10,752.5379620923599,952.5379620923599,-200.0,457.10800597014463,0,144.37866046668034,0.0,6372.0966494429085,55085184997705515939985600760,8
199910,5000,2,3,45.37852112676057,0.6041666666666667,39.583333333333336,0.02276001152405644,0,0,0,0,10,10,10,10,858.6112047178065,7.854178232543802,850.7570264852627,-6.78469711381814,181.31544031705187,78.28983701362228,8227.826539035234,3455.291845120443,47214162891201225204704296604,8
199912,5000,2,3,45.37852112676057,0.5833333333333333,41.666666666666664,0.014577931431864019,50,1,0,1,11,11,11,11,2166.2943078405947,1985.222963451584,181.07134438901062,1146.370806775185,116.13368708914984,210.46748391973864,5269.974973103587,9288.901453765384,29373787620216415721515791864,8
199994,5000,0,3,45.37852112676057,0.59375,40.625,0.018668971477960226,0,0,0,0,10,10,10,10,506.96535563093767,0,506.96535563093767,0,148.72456370310084,0,6748.900756069409,0,16054335193726480007995724239,8
