period,mktsize,meanmktsize,entries,exits,surviv,entryrate,exitrate,survivrate,firms,totresinv,totinninv,totimiinv,costshareinn,firmsres,firmsinn,firmsimi,hindex,div,gini,pcm,cs,totprofits,ts,maxage,minage,avgage,actfirms,inactfirms,profitablefirms,wmc,avgproxopt,price,totoutput,avgoutput,avgmagtechshock
1.0,4.0,4.0,40.0,24.0,16.0,1.0,0.6,0.4,40.0,0.0,0.0,0.0,0.0,0.0,0.0,0.0,376.6619787425764,0.5014503205128206,0.39839551064096923,0.16473603284118574,119249.24389569266,981.7722841447306,120231.01617983737,0.0,0.0,0.0,35.0,5.0,16.0,46.623365136202295,0.49963541666666667,55.81990396242767,976.720384150289,27.997637233054615,0.7
2.0,4.0,4.0,26.9,25.3,17.6,0.6254382957641506,0.587297024724106,0.4127029752758939,42.9,500.0,400.0,100.0,0.7787662337662338,6.0,4.0,2.0,324.6995522265203,0.4988341687904799,0.3450308947970635,0.15198897426285557,122221.03342479517,-1143.9953977041055,121077.03802709104,1.0,0.0,0.37456170423584945,41.4,1.5,13.2,44.76860435653937,0.5297728180674554,52.79483029659524,988.8206788136174,24.078571206666503,0.8
3.0,4.0,4.0,18.6,16.1,20.1,0.5088358804148279,0.4406383736975842,0.5593616263024158,36.2,520.0,350.0,170.0,0.6419769119769121,6.9,3.5,3.4,333.3876751879312,0.4945058616617934,0.24812129136438382,0.15992846230877278,123259.84047325428,457.95308765456883,123717.79356090887,2.0,0.0,0.7924598713085556,36.1,0.1,15.4,43.470934446741936,0.551561209488841,51.74702527348147,993.0118989060745,27.68845022848554,1.6
4.0,4.0,4.0,14.7,13.1,21.7,0.41570524484317595,0.3652899422727009,0.634710057727299,34.8,540.0,390.0,150.0,0.708997113997114,6.9,3.9,3.0,332.00245600855715,0.49165179446786417,0.20640257012083532,0.16391290611304665,124514.9498554883,764.4411331838098,125279.39098867208,3.0,0.0,1.2665687106204349,34.8,0.0,15.1,42.204095295267344,0.5678770091377852,50.48629995379967,998.0548001848013,29.096003470312716,0.0
5.0,4.0,4.0,9.0,6.4,24.3,0.2815739946328182,0.19502771738065858,0.8049722826193413,30.7,550.0,380.0,170.0,0.6744377191436015,7.2,3.8,3.4,359.1651661020643,0.48784207452054185,0.16105263520079266,0.17847799782439405,124786.98517258986,2269.9568429663113,127056.94201555618,4.0,0.0,1.9019313627548922,30.7,0.0,18.0,41.244677414296945,0.5803485840140252,50.214177642668446,999.1432894293255,32.99614417628385,0.0
6.0,4.0,4.0,6.4,6.9,23.8,0.20794872605147913,0.22123385119700467,0.7787661488029954,30.7,630.0,360.0,270.0,0.569309905780494,9.0,3.6,5.4,350.0277014807098,0.4846506181256946,0.14116119981098268,0.17726517693574023,125559.50156456434,2017.108689268064,127576.61025383242,5.0,0.0,2.5052740661729818,30.7,0.0,16.3,40.67338563958525,0.5875377698395027,49.44222561022277,1002.2310975591081,32.78401037669214,0.0
7.0,4.0,4.0,4.2,2.7,25.3,0.14886517058930854,0.0945876664842182,0.9054123335157819,28.0,655.0,420.0,235.0,0.6299710093827742,8.9,4.2,4.7,383.41622402647283,0.483532199813809,0.1414996260481048,0.19182126837540736,125056.99463780434,3330.415006070788,128387.40964387513,6.0,0.1,3.2351811713191028,28.0,0.0,21.0,40.36036635302832,0.5900880598887064,49.94567098448147,1000.2173160620741,35.817907893408446,1.6
8.0,4.0,4.0,3.6,2.0,26.9,0.12112742693387854,0.06688305123788993,0.93311694876211,28.9,780.0,540.0,240.0,0.676733624133005,10.2,5.4,4.8,375.28847573865886,0.4819139571925074,0.1479780647579775,0.18995795038498312,125523.42694772167,2859.349869101291,128382.77681682294,7.0,0.1,3.8751211870566715,28.9,0.0,20.2,40.07797295069385,0.59234799400122,49.478676678129126,1002.0852932874838,34.85390431300444,0.8
9.0,4.0,4.0,3.3,2.7,27.5,0.10826077194959285,0.08830625598909804,0.911693744010902,30.2,900.0,640.0,260.0,0.6905177381957568,11.6,6.4,5.2,360.6214531017428,0.4812674097314293,0.1533875425132432,0.18521790234464167,126095.37725058275,2154.9516152286515,128250.32886581139,8.0,0.0,4.390976821889642,30.2,0.0,18.2,39.852996240586734,0.5942814623834984,48.90811340618405,1004.3675463752637,33.3450385781356,0.8
10.0,4.0,4.0,2.2,2.4,27.3,0.07343917484073212,0.07885933865911618,0.9211406613408839,29.7,860.0,570.0,290.0,0.6562773921984448,11.5,5.7,5.8,363.64589107057213,0.4800751383233076,0.14505856301924563,0.18764424152257436,126299.94077569476,2385.1248422059107,128685.06561790069,9.0,0.1,5.162086118882559,29.7,0.0,20.0,39.566574642356024,0.5977751849542264,48.7045484440416,1005.1818062238335,33.92826775785697,0.0
11.0,4.0,4.0,2.1,1.9,27.5,0.06791927421691703,0.06092191604116619,0.9390780839588337,29.4,790.0,530.0,260.0,0.655406162464986,10.5,5.3,5.2,363.3131381608224,0.47905090071922707,0.1307323201346269,0.18873260895741334,126585.17085040713,2526.8362495541223,129112.00709996128,10.0,0.4,5.767814780713917,29.4,0.0,19.3,39.281099982455956,0.6017962061900111,48.42072423356098,1006.3171030657559,34.40137941024835,0.0
12.0,4.0,4.0,1.5,1.6,27.4,0.05108136024153822,0.0543834419195932,0.9456165580804068,29.0,795.0,520.0,275.0,0.6530812024233077,10.7,5.2,5.5,366.7844105314703,0.4783238998501327,0.1305605912782639,0.19106975274900662,126706.42480356863,2697.644497933713,129404.06930150234,10.9,0.1,6.463688754700991,29.0,0.0,20.4,39.06995344183482,0.603900572701787,48.30082097668044,1006.7967160932782,34.763512987436556,0.8
13.0,4.0,4.0,2.3,2.4,27.3,0.07369898465560311,0.07663738663182491,0.9233626133681752,29.7,800.0,560.0,240.0,0.6824675977617154,10.4,5.6,4.8,363.007394298906,0.4765713518003388,0.1406209459048587,0.19012198053468593,126934.75739184697,2472.701911664538,129407.45930351151,11.9,0.2,6.93749082113042,29.7,0.0,19.3,38.9307393931529,0.6046545546494217,48.074360986439686,1007.7025560542413,34.15926580552742,0.8
14.0,4.0,4.0,1.4,1.5,27.2,0.048122605363984675,0.050715197956577265,0.9492848020434229,28.7,775.0,530.0,245.0,0.6777656983539335,10.2,5.3,4.9,371.80536969825937,0.4760660331845677,0.1324087407334281,0.19521802888497689,127017.0251868217,2928.801911466954,129945.82709828865,12.9,0.3,7.7474482758620695,28.7,0.0,20.9,38.623295265615695,0.6081993135376755,47.99241797628894,1008.0303280948443,35.24939732022602,0.0
15.0,4.0,4.0,2.3,2.9,26.6,0.07685814926638063,0.09648127549128661,0.9035187245087135,29.5,920.0,630.0,290.0,0.667616822648792,12.1,6.3,5.8,369.1569500964539,0.4747514757726104,0.15265067899865026,0.1945352644657504,127170.07413808382,2566.82166429854,129736.89580238235,13.9,0.2,8.08418210710313,29.5,0.0,17.7,38.53402629073336,0.6073893534703462,47.84148140918685,1008.6340743632527,34.32166702488589,1.6
16.0,4.0,4.0,1.6,1.2,27.0,0.055732784935371135,0.04171494708994709,0.958285052910053,28.2,890.0,570.0,320.0,0.6304684204684204,12.1,5.7,6.4,384.8645887156344,0.47375529886550527,0.14821986681100263,0.2022915276233075,127057.43129962,3248.2978018256904,130305.72910144569,14.9,0.2,8.88693223969517,28.2,0.0,20.3,38.253594748886044,0.6103878633655484,47.95315385976305,1008.1873845609477,35.96776078527156,0.8
17.0,4.0,4.0,1.4,0.9,27.5,0.04898227126147037,0.030608997334803784,0.9693910026651963,28.4,945.0,660.0,285.0,0.6861557302346777,12.3,6.6,5.7,382.23959293400213,0.47263103878436014,0.15017924586288314,0.20177570467667008,127250.11868066547,3098.935815552993,130349.05449621845,15.9,0.4,9.600649406216286,28.4,0.0,19.8,38.12391603634894,0.6116602898736417,47.763382402946476,1008.9464703882144,35.71764556124262,0.8
18.0,4.0,4.0,1.4,1.8,27.1,0.04626581723800856,0.06146301084899527,0.9385369891510047,28.9,920.0,650.0,270.0,0.6862389143423626,11.9,6.5,5.4,376.1574657936304,0.47136960254136157,0.15237196324640176,0.200771307744367,127657.95067859972,2903.89895689693,130561.84963549665,16.9,0.7,10.121967930475162,28.9,0.0,20.0,37.85460631064889,0.6143457531376052,47.35792681943655,1010.5682927222537,35.17000853278828,0.0
19.0,4.0,4.0,0.8,0.7,27.2,0.027419836708629807,0.024443979933110368,0.9755560200668898,27.9,990.0,710.0,280.0,0.7018181818181819,12.7,7.1,5.6,389.0868667299107,0.4706689368032862,0.151434076003819,0.20530365116918808,127223.54340594003,3327.5869206394154,130551.13032657941,17.9,0.6,11.048007773814557,27.9,0.0,20.2,37.97656261051716,0.6131512523469963,47.7884803505864,1008.846078597654,36.41442234114407,1.6
20.0,4.0,4.0,1.7,1.0,27.9,0.05832778178440025,0.03325161096782342,0.9667483890321767,28.9,935.0,580.0,355.0,0.603545709192768,12.9,5.8,7.1,377.3691777677698,0.4698578065011486,0.15802917467393154,0.2015492232527722,127691.13886691479,2922.275146371508,130613.41401328631,18.9,0.5,11.396390575009178,28.9,0.0,20.6,37.78923391610489,0.6146230414921032,47.324398865323964,1010.7024045387034,35.14681205813712,0.8
21.0,4.0,4.0,1.6,1.3,28.2,0.053964844094849654,0.04466670050791296,0.9553332994920872,29.5,1030.0,760.0,270.0,0.7362874396135266,13.0,7.6,5.4,368.78150845719017,0.46914266124585174,0.1564221050187144,0.19832964362164354,127947.43014243901,2508.109858178592,130455.54000061758,19.9,0.0,11.80546541645332,29.5,0.0,19.8,37.74332682185107,0.6152975716499496,47.07144648480073,1011.7142140607964,34.40481459918274,0.8
22.0,4.0,4.0,1.0,0.8,28.4,0.03364525913566514,0.02649471635150167,0.9735052836484982,29.2,925.0,570.0,355.0,0.6060014059017962,12.8,5.7,7.1,373.34768407997655,0.4679290931984811,0.1552868827099933,0.20049707546506088,127928.61701509342,2786.277749386315,130714.89476447976,20.9,0.2,12.53557067365132,29.2,0.0,19.2,37.64744098139326,0.616309900615838,47.08926500666672,1011.642939973333,34.8810202730021,0.8
23.0,4.0,4.0,0.6,0.4,28.6,0.0211443275959405,0.013381123058542412,0.9866188769414576,29.0,965.0,660.0,305.0,0.6754099371145916,12.7,6.6,6.1,375.0628306083073,0.4669429195982541,0.15519187378492555,0.20168960852807874,127988.04521630218,2833.8806089968607,130821.92582529903,21.8,0.5,13.343600640697414,29.0,0.0,19.4,37.54392378469019,0.6172959930974043,47.03094703041837,1011.8762118783261,35.04218536063524,0.8
24.0,4.0,4.0,1.0,1.4,28.2,0.03232631542915028,0.046427897116938864,0.9535721028830612,29.6,815.0,540.0,275.0,0.6360971055088702,10.9,5.4,5.5,374.50985412735866,0.46648490600410053,0.1732556676172399,0.20067294572948677,127815.55061901931,2838.640287430718,130654.19090645,22.8,0.6,13.870090699533382,29.6,0.0,19.6,37.7345059881435,0.6139212256308629,47.2020421327167,1011.1918314691329,34.37665878321191,2.3
25.0,4.0,4.0,1.5,0.4,29.3,0.0474183909959772,0.01231060606060606,0.9876893939393939,29.7,960.0,630.0,330.0,0.6446545284780577,12.9,6.3,6.6,373.56141229463367,0.4662358661363458,0.17153934487993355,0.20156048023988685,128083.88834074508,2670.9141010451285,130754.80244179016,23.8,0.8,14.348148164574889,29.7,0.0,19.7,37.481596179891824,0.6167686163612889,46.93582739332647,1012.2566904266941,34.45075611782137,0.8
26.0,4.0,4.0,0.9,1.5,28.7,0.0287574156470152,0.04758427573847485,0.9524157242615251,30.2,1125.0,790.0,335.0,0.6961824381926685,14.6,7.9,6.7,368.9507146766995,0.46581472576225424,0.1762286636937514,0.20038591329472943,128353.31997743291,2307.116499961236,130660.43647739415,24.8,0.9,14.981019256914141,30.2,0.0,18.2,37.322816452564375,0.6180613447218182,46.669898233511304,1013.3204070659547,33.90413082277248,0.7
27.0,4.0,4.0,1.3,1.3,28.7,0.04345162376864268,0.04069353955894557,0.9593064604410543,30.0,1010.0,750.0,260.0,0.7431768486071892,12.7,7.5,5.2,368.42821289138504,0.46435472183099186,0.17079581391921095,0.2014860983106995,128625.74301641865,2468.6570079435382,131094.4000243622,25.8,0.2,15.503150624557744,30.0,0.0,18.4,37.05789181007815,0.6210595455120622,46.40156334901364,1014.3937466039454,34.030071600879445,0.0
28.0,4.0,4.0,1.1,1.1,28.7,0.034976862218241526,0.03600570566087807,0.9639942943391219,29.8,825.0,540.0,285.0,0.6619079449961803,11.1,5.4,5.7,369.562135754015,0.4637691693640075,0.16727146748052693,0.2030263833545655,128816.81367767726,2736.1234920398533,131552.9371697171,26.8,0.6,16.125420377834168,29.8,0.0,19.4,36.83430754469413,0.6234917913743345,46.213284465621626,1015.1468621375137,34.24985441222027,0.0
29.0,4.0,4.0,0.7,0.8,28.6,0.023086576120993445,0.02635891731553578,0.9736410826844641,29.4,830.0,550.0,280.0,0.650896386222473,11.1,5.5,5.6,377.0776308054565,0.46251504237103436,0.17095509438379594,0.20676101592900636,128779.63530819649,2998.0990883052864,131777.73439650176,27.8,0.6,16.9407790043715,29.3,0.1,19.6,36.68471828854055,0.6242520934727247,46.25110539700536,1014.9955784119787,34.858477671996646,0.8
30.0,4.0,4.0,0.6,0.4,28.8,0.020740740740740737,0.014171683999270207,0.9858283160007298,29.2,880.0,590.0,290.0,0.6588326118326118,11.7,5.9,5.8,383.27290711512387,0.4615947559987029,0.1823773393083247,0.20950076949666974,128610.97086647214,3138.1324711151565,131749.10333758726,28.8,1.0,17.519257166468122,29.1,0.1,20.0,36.69846700534311,0.6229192440865233,46.41736491825132,1014.3305403269945,34.98370903175261,1.6
31.0,4.0,4.0,0.8,0.6,29.0,0.025785440613026823,0.019559386973180076,0.9804406130268198,29.6,920.0,630.0,290.0,0.6726846133630356,12.1,6.3,5.8,382.8860625008155,0.46151182260162144,0.1911512108529221,0.2087770491702899,128490.24042572214,3000.2981243940153,131490.53855011618,29.8,0.9,18.098635004841903,29.5,0.1,19.5,36.831895165233334,0.6207915682789964,46.537072904715195,1013.851708381139,34.6124285090034,1.6
32.0,4.0,4.0,0.8,0.7,29.1,0.025832428447834455,0.022705938697318007,0.9772940613026819,29.8,975.0,560.0,415.0,0.5699872122762148,13.9,5.6,8.3,378.8736207499825,0.46082455005502315,0.18818164530846687,0.20815303432378512,128781.72734160016,2825.2051943178712,131606.93253591805,30.8,0.9,18.716963107495644,29.7,0.1,18.7,36.63449833229406,0.6232168660120507,46.2493365293699,1015.0026538825201,34.43149395599164,0.0
33.0,4.0,4.0,0.4,0.9,28.6,0.011655405405405406,0.02954823620146201,0.9704517637985381,29.5,940.0,620.0,320.0,0.6607088516918238,12.6,6.2,6.4,383.9424842479124,0.4599025631813654,0.18812967881798176,0.21137665622812615,128875.28711806575,3057.2205684458286,131932.50768651158,31.8,1.7,19.68136718166265,29.2,0.3,18.9,36.41034523523659,0.6252666018277331,46.15699488083154,1015.3720204766732,35.04231043307736,0.0
34.0,4.0,4.0,0.9,0.4,29.1,0.03002892102335929,0.012455197132616487,0.9875448028673833,29.5,820.0,510.0,310.0,0.6189093208133456,11.3,5.1,6.2,386.10853498680274,0.45925425829080346,0.19198022344266805,0.21254132614411514,128896.68584828949,3232.255598589918,132128.94144687944,32.8,1.5,20.31692152724299,29.2,0.3,18.7,36.33519552682477,0.6255159199861648,46.13641811891168,1015.454327524353,35.059644993403424,0.8
35.0,4.0,4.0,0.7,1.3,28.5,0.023352524092930097,0.04085546992248883,0.9591445300775112,29.8,905.0,620.0,285.0,0.6604265619291195,11.9,6.2,5.7,394.6087685472259,0.45861606966129065,0.22090717803596135,0.2146160187113685,128414.83880542149,3267.995871093251,131682.83467651476,33.7,0.6,20.8437143648281,29.3,0.5,18.2,36.61392478189175,0.6193632850062085,46.61198950066137,1013.5520419973545,34.808891553529186,3.1
36.0,4.0,4.0,1.2,1.3,28.4,0.038225593104625366,0.04151034217914085,0.958489657820859,29.7,990.0,710.0,280.0,0.7067656944591929,12.7,7.1,5.6,401.64782699183127,0.45929571153599935,0.23360122110274578,0.2180029135616882,128327.76697722686,3377.7231091030903,131705.49008632996,34.7,0.4,21.227275151798928,29.4,0.3,17.8,36.52382175199601,0.6187781913651079,46.69728216227245,1013.2108713509103,34.6686912300857,1.6
37.0,4.0,4.0,1.1,1.0,28.5,0.035917989559617516,0.03275434367857321,0.9672456563214269,29.5,970.0,660.0,310.0,0.6663526016467192,12.8,6.6,6.2,404.622027401295,0.4582410904887471,0.2364859007226417,0.21847010863806832,128101.76354679503,3496.280453227715,131598.04400002275,35.7,0.3,21.910858944129245,29.0,0.5,18.7,36.68147010962511,0.6170218484238488,46.92144496864658,1012.3142201254138,35.129079284738864,1.6
38.0,4.0,4.0,0.6,0.5,28.6,0.01985970195091441,0.01792764356724312,0.9820723564327569,29.1,870.0,540.0,330.0,0.6065730994152048,12.0,5.4,6.6,410.31553431692345,0.45817587568323337,0.23560876841077513,0.22082899177933601,127954.45226606342,3810.8902955418016,131765.3425616052,36.7,1.0,22.619111012993102,28.7,0.4,19.2,36.68945919121275,0.6163472274673667,47.067926599827636,1011.7282936006895,35.384747799595324,1.6
39.0,4.0,4.0,0.9,0.5,29.0,0.028293844745457646,0.015809680910487362,0.9841903190895127,29.5,1020.0,770.0,250.0,0.7409957264957264,12.7,7.7,5.0,407.41815234316755,0.4575030396403668,0.23723739334614136,0.2202859448239371,128113.29729842937,3522.184319405072,131635.48161783445,37.7,1.4,22.870444592444592,29.0,0.5,18.3,36.59781753122981,0.6172237558930267,46.91064964114084,1012.3574014354365,35.201783229717606,0.8
40.0,4.0,4.0,1.1,1.1,29.0,0.03386800656642965,0.033372588657218635,0.9666274113427814,30.1,1015.0,740.0,275.0,0.7277192493496841,12.9,7.4,5.5,397.9501662190235,0.457275864113576,0.23330634931671074,0.2178444766319399,128591.47226502832,3204.4677475892067,131795.94001261753,38.7,1.0,23.031000717795912,29.6,0.5,17.6,36.344932513228784,0.6206626760218108,46.437850710904435,1014.2485971563822,34.60898525780472,0.0
41.0,4.0,4.0,1.0,1.5,28.5,0.02730207872622733,0.0440619014292549,0.9559380985707453,30.0,1055.0,720.0,335.0,0.679879733369436,13.9,7.2,6.7,402.2776029046188,0.45696690572873144,0.23994765236793186,0.2191677976271472,128432.44065663591,3281.850498227828,131714.2911548637,39.7,1.7,23.584501546293048,29.5,0.5,17.4,36.397138940327224,0.6196474129234606,46.59299126955387,1013.6280349217847,34.81742777856324,2.2
42.0,4.0,4.0,0.7,0.8,28.4,0.02259986501365812,0.025635729213315424,0.9743642707866847,29.2,925.0,640.0,285.0,0.6746335146335146,12.1,6.4,5.7,406.97115007409764,0.4556279261221897,0.23268064173619002,0.22139742472155116,128376.79719654538,3687.559531213067,132064.35672775845,40.7,1.5,24.6756362661923,28.6,0.6,18.6,36.33552060575058,0.6207357537846493,46.64791399424307,1013.4083440230279,35.67334958925544,0.8
43.0,4.0,4.0,1.2,1.1,28.5,0.039027871685072504,0.03669839288500546,0.9633016071149946,29.6,750.0,500.0,250.0,0.6558834148307832,10.0,5.0,5.0,401.1675957504734,0.45588265735966893,0.23190701372053013,0.2194802729210957,128606.97334365791,3651.37640972606,132258.34975338395,41.7,0.6,24.77319998497483,29.1,0.5,18.2,36.24694861987486,0.6218357684217217,46.421085858585855,1014.3156565656567,35.06466725559018,0.7
44.0,4.0,4.0,0.8,0.9,28.4,0.0266022432332221,0.03023570060207991,0.9697642993979201,29.3,885.0,600.0,285.0,0.6657263390204566,11.7,6.0,5.7,404.45184459764516,0.45432217216739834,0.22856968124422178,0.22091264445180797,128580.10387865442,3655.801381528973,132235.9052601834,42.7,0.6,25.336420008121898,28.8,0.5,17.4,36.19240492807627,0.6225876375245104,46.44734664397832,1014.210613424087,35.48224376348818,0.8
45.0,4.0,4.0,0.6,0.2,28.8,0.020863095238095236,0.006828703703703703,0.9931712962962962,29.0,895.0,640.0,255.0,0.7088239126602298,11.5,6.4,5.1,406.5733025879211,0.4536962697182279,0.22603610105303767,0.22066172482009522,128321.71540300972,3738.953945428128,132060.66934843786,43.7,0.8,26.099386859149792,28.4,0.6,18.8,36.40502149552859,0.6208357208424558,46.70315812017243,1013.1873675193103,35.929352382668704,1.6
46.0,4.0,4.0,1.4,1.3,28.9,0.04515784232761429,0.04086381051898293,0.959136189481017,30.2,950.0,660.0,290.0,0.668822833226858,12.4,6.6,5.8,392.6538274090416,0.45523557961124295,0.22997778345108802,0.21489332265142824,128642.48295726946,3113.797257316214,131756.28021458568,44.7,0.7,25.922925149254404,29.4,0.8,17.7,36.426560246652315,0.6204521628250322,46.38552148180395,1014.4579140727841,34.684833767885095,2.3
47.0,4.0,4.0,0.8,0.8,28.9,0.025210631662244565,0.025643388869195316,0.9743566111308046,29.7,1035.0,770.0,265.0,0.7271566920090274,13.0,7.7,5.3,407.6741758506366,0.4540090831506756,0.24612046803100046,0.22085978554860036,128241.14675393344,3480.2881941348874,131721.43494806832,45.7,0.9,26.942463350269804,28.8,0.9,17.8,36.46148115743918,0.6180182669033475,46.78403632332912,1012.8638547066837,35.455654500061755,2.4
48.0,4.0,4.0,1.0,1.1,28.8,0.027745510885110437,0.03248284108364753,0.9675171589163524,29.9,895.0,590.0,305.0,0.6346236391373691,12.0,5.9,6.1,407.82083292620734,0.45350238343727056,0.24856224833903245,0.22133929210397513,128326.12958414332,3589.739978146879,131915.86956229017,46.7,1.5,27.704430345886966,28.8,1.1,18.1,36.371216965272836,0.6188179653027573,46.70028438849265,1013.1988624460297,35.52544630973094,0.8
49.0,4.0,4.0,0.9,0.5,29.2,0.028653091979704882,0.01514499837080482,0.9848550016291953,29.7,975.0,660.0,315.0,0.66968276821218,12.9,6.6,6.3,408.302133046765,0.45362514236338863,0.24652781707782453,0.2179902676478481,127695.60129119852,3505.764272281592,131201.36556348013,47.7,1.2,27.96108734813573,28.7,1.0,18.2,37.01329728486253,0.6125346081543158,47.326589453835005,1010.69364218466,35.499462974070184,3.1
50.0,4.0,4.0,1.4,0.8,29.8,0.045131249996656,0.02453311921053856,0.9754668807894614,30.6,955.0,660.0,295.0,0.680306905370844,12.5,6.6,5.9,396.06238071709606,0.45381769083679124,0.24708018921023234,0.21418098387970225,128204.75852968809,3074.553977971345,131279.31250765943,48.7,0.1,27.804818069994933,29.8,0.8,18.1,36.798195502384125,0.6149184222983584,46.82270629614824,1012.7091748154073,34.26927898875363,0.0
51.0,4.0,4.0,1.4,1.2,30.0,0.0433020683020683,0.03694995936375247,0.9630500406362474,31.2,970.0,680.0,290.0,0.6809605453026506,12.6,6.8,5.8,387.3867681941607,0.4543011327212524,0.24627500509367634,0.2118562569511932,128610.13319168452,2753.2958398484693,131363.42903153299,49.7,0.7,28.012355959015444,30.6,0.6,18.8,36.59808459272555,0.6174601522459819,46.42087667094005,1014.3164933162401,33.38490425450049,0.0
52.0,4.0,4.0,0.4,0.5,29.9,0.012728578892371995,0.01615530303030303,0.9838446969696971,30.4,905.0,630.0,275.0,0.6914807443445214,11.8,6.3,5.5,394.044941156598,0.4523476039574482,0.24046196375352977,0.2153613986654544,128589.47982970711,3147.4035986694535,131736.88342837658,50.7,1.3,29.493175122291497,29.9,0.5,19.4,36.45084594297108,0.6193928398588959,46.44140635036088,1014.234374598557,34.1879654360427,0.8
53.0,4.0,4.0,1.1,1.4,29.6,0.0352256458138811,0.04312655617802676,0.9568734438219734,31.0,1055.0,770.0,285.0,0.7225055663290958,13.4,7.7,5.7,385.24448226878155,0.4524302992212513,0.2382965508062096,0.2128602528766256,129005.31579097523,2685.1884173425537,131690.50420831778,51.7,0.6,29.70551801276066,30.5,0.5,17.5,36.246448487719164,0.621989622237784,46.03070889953885,1015.8771644018449,33.55398276966769,0.0
54.0,4.0,4.0,0.7,0.8,29.5,0.022286653012459464,0.02611897985000452,0.9738810201499956,30.3,985.0,680.0,305.0,0.6823471781056922,12.9,6.8,6.1,390.98970412104006,0.451486124156897,0.23239162477658146,0.21643887911677098,129099.42645638433,3049.046511738409,132148.47296812275,52.7,1.2,30.728272178046844,29.9,0.4,17.8,36.005378159022214,0.6247301632533241,45.93831085938163,1016.2467565624736,34.2269727379052,0.0
55.0,4.0,4.0,1.0,1.2,29.3,0.031709770114942526,0.04053913519430761,0.9594608648056925,30.5,905.0,660.0,245.0,0.7077916198119933,11.5,6.6,4.9,389.9544919519803,0.4518523289091341,0.234069259610889,0.21543823329503992,129048.07689246959,3058.6892383884597,132106.76613085804,53.6,1.1,30.8318127394636,30.1,0.4,18.2,36.080938314758605,0.6237406435774341,45.985900784100785,1016.056396863597,34.01239937913977,0.8
56.0,4.0,4.0,1.0,1.1,29.2,0.032989890688313775,0.033621612416678825,0.9663783875833213,30.3,1010.0,670.0,340.0,0.6610625302014215,13.5,6.7,6.8,390.7445817938979,0.4511400293659135,0.22798569084886527,0.2171525314943324,129292.22191131099,3032.0283639375953,132324.2502752486,54.6,0.4,31.255260505559857,29.9,0.4,18.7,35.81215646251078,0.6269858307682096,45.746004030710566,1017.0159838771581,34.38245321859316,0.0
57.0,4.0,4.0,0.4,0.2,29.4,0.013204019959238176,0.006559139784946236,0.9934408602150537,29.6,1025.0,760.0,265.0,0.7196100759144237,12.9,7.6,5.3,399.86308241924684,0.45041479331907974,0.2289783081554851,0.22145936901769722,129169.83047446422,3380.914804694704,132550.74527915893,55.6,0.8,31.732287864892594,28.8,0.8,18.8,35.707891102908675,0.6272919909281225,45.867675367651465,1016.5292985293938,35.56265787406607,0.8
58.0,4.0,4.0,1.3,0.8,29.9,0.04263210649195076,0.027092512713136934,0.9729074872868632,30.7,925.0,680.0,245.0,0.7203429250488074,11.7,6.8,4.9,387.32944892365146,0.451448453827756,0.2355162990753396,0.21497031973354863,129189.10929368445,2941.8807528918583,132130.9900465763,56.6,0.5,31.31759736152526,30.0,0.7,18.5,36.007671972710966,0.6242053435311262,45.85118151811106,1016.5952739275554,34.07801962477005,1.6
59.0,4.0,4.0,0.2,0.6,29.5,0.006458333333333332,0.019834953700359707,0.9801650462996403,30.1,850.0,540.0,310.0,0.6193631522154877,11.6,5.4,6.2,392.84646612777306,0.4501216409880831,0.22892285330219816,0.21815145120607124,129199.38527836089,3281.4737597190497,132480.8590380799,57.6,1.5,32.43752253887195,29.4,0.7,19.0,35.85590128807373,0.6262632504718547,45.84065039472871,1016.637398421085,34.869155929427755,0.0
60.0,4.0,4.0,0.6,0.7,29.4,0.018483159392789373,0.023263543768761986,0.9767364562312381,30.1,885.0,580.0,305.0,0.6525152715548462,11.9,5.8,6.1,393.1490629975483,0.4498540066543134,0.22809594683020057,0.21913962517438682,129351.11666243046,3265.6812025500535,132616.79786498053,58.6,2.0,32.812728496354666,29.4,0.7,18.6,35.69367552621317,0.6279900361560935,45.69170101829046,1017.2331959268382,34.917461255451386,0.8
61.0,4.0,4.0,0.5,0.5,29.4,0.015051203277009729,0.015831880932687385,0.9841681190673126,29.9,835.0,540.0,295.0,0.6443612596553774,11.3,5.4,5.9,402.4094285200308,0.4496058790286927,0.23918296368655687,0.22340687070128856,129203.42395010991,3584.09035720098,132787.5143073109,59.6,2.3,33.28900893137266,29.0,0.9,18.9,35.60693771411262,0.6274300175016683,45.835053517754645,1016.6597859289816,35.43707972930663,0.8
62.0,4.0,4.0,0.7,0.6,29.5,0.02351243648824294,0.01855357142857143,0.9814464285714285,30.1,985.0,710.0,275.0,0.7138431116153556,12.6,7.1,5.5,397.9545868579521,0.4496366394211595,0.23770428845117264,0.2212310133572241,129279.23199980058,3282.752125863034,132561.98412566358,60.6,1.4,33.19768792095002,29.2,0.9,18.6,35.644233994929984,0.6274074874638131,45.76096207552456,1016.9561516979018,35.17026009112645,0.8
63.0,4.0,4.0,0.6,1.1,29.0,0.020103720204526658,0.03523763199166424,0.9647623680083359,30.1,920.0,580.0,340.0,0.6173501400560224,12.6,5.8,6.8,398.12317071186567,0.4494998360288255,0.23941308405020506,0.22273618288536334,129521.47091797597,3372.4842858568204,132893.95520383277,61.6,2.0,33.843634577787796,29.2,0.9,18.6,35.39123698762121,0.6296070344306232,45.52228553738551,1017.9108578504577,35.134201542626975,0.0
64.0,4.0,4.0,0.6,0.6,29.0,0.019959813185619638,0.019264626019844237,0.980735373980156,29.6,925.0,620.0,305.0,0.6618679050567595,12.3,6.2,6.1,399.99582818493224,0.44864339321637825,0.23080425442949393,0.22369348705788145,129493.11256873845,3514.5907659659665,133007.70333470442,62.6,1.1,34.47150630717234,28.7,0.9,18.7,35.37225801808282,0.6305108236019843,45.55026694358012,1017.7989322256793,35.71648345134872,0.8
65.0,4.0,4.0,0.4,0.5,28.9,0.012903225806451613,0.01697184906306152,0.9830281509369385,29.4,965.0,700.0,265.0,0.7188384684817581,12.3,7.0,5.3,398.2146991669887,0.44787257212723003,0.2209763600658392,0.22380816948943924,129696.86928623743,3483.864195635161,133180.7334818726,63.4,1.2,34.969032029890755,28.7,0.7,19.0,35.21005835863237,0.6333747511912139,45.35030279801329,1018.5987888079466,35.80363475415411,0.0
66.0,4.0,4.0,0.9,0.7,29.1,0.02673682526623703,0.02156847685310683,0.9784315231468932,29.8,920.0,670.0,250.0,0.7056047805241354,11.7,6.7,5.0,393.02716157623746,0.4476175191250514,0.21687875786802868,0.2217226158343984,129820.59310821975,3325.5086047412165,133146.10171296095,64.4,1.1,35.38981580810226,28.9,0.9,19.3,35.21573237235387,0.6337460627327002,45.2293596829583,1019.0825612681667,35.68264669880824,0.8
67.0,4.0,4.0,0.2,0.7,28.6,0.0067873303167420825,0.021902233115468413,0.9780977668845315,29.3,960.0,690.0,270.0,0.6990086606333745,12.3,6.9,5.4,396.41907906937956,0.4470151693941474,0.21244658309964048,0.224297648159775,129924.09721590816,3482.685493580319,133406.78270948847,65.4,1.6,36.10406385623805,28.5,0.8,18.8,35.02335757488804,0.6361051139866005,45.127866256787414,1019.48853497285,36.07136255299546,0.0
68.0,4.0,4.0,0.6,0.5,28.7,0.019788359788359786,0.01550595238095238,0.9844940476190477,29.2,805.0,520.0,285.0,0.6485221087522877,10.9,5.2,5.7,396.28114123289924,0.4466762622989041,0.21057071462333948,0.22253765083473148,129647.64247128021,3631.7165866330333,133279.3590579132,66.4,1.1,36.51881999705276,28.6,0.6,18.8,35.307927738348155,0.63346388028545,45.397985755470636,1018.4080569781175,35.81555005115269,1.6
69.0,4.0,4.0,0.6,0.6,28.7,0.019768173398391615,0.02025864765346543,0.9797413523465346,29.3,810.0,550.0,260.0,0.659748636296624,10.7,5.5,5.2,393.68158618342386,0.4464608720756445,0.2088608022167217,0.22205918590140256,129818.35886177704,3553.2037418574096,133371.5626036345,67.4,1.1,36.970562314284265,28.7,0.6,19.0,35.19939643022923,0.6347558546259051,45.230099463766216,1019.0796021449354,35.67950387233272,0.0
70.0,4.0,4.0,0.4,0.4,28.7,0.012964217945242612,0.012726122707147375,0.9872738772928527,29.1,765.0,450.0,315.0,0.5758107088989443,10.8,4.5,6.3,399.8993356960349,0.44614516048818575,0.21666113623839722,0.22326966212543936,129439.47610111735,3768.6341131170993,133208.11021423448,68.4,1.8,37.83589273882832,28.5,0.6,19.3,35.426840104243624,0.6315886757798251,45.60078104309021,1017.5968758276395,35.92209427533631,1.6
71.0,4.0,4.0,0.4,0.3,28.8,0.012841065235883006,0.00900735294117647,0.9909926470588235,29.1,850.0,640.0,210.0,0.7572183935227415,10.6,6.4,4.2,402.56766693645505,0.44570051142718264,0.21981926056985115,0.22388238516805345,129332.44978930979,3739.0644024337757,133071.51419174357,69.4,2.5,38.604502086905704,28.6,0.5,19.2,35.47223383692887,0.630578830832417,45.70728592677677,1017.1708562928931,35.723471521864994,0.8
72.0,4.0,4.0,0.8,0.7,28.9,0.0249850723988655,0.02082251082251082,0.9791774891774893,29.6,860.0,610.0,250.0,0.690084799101827,11.1,6.1,5.0,396.5946201759879,0.4454461494796256,0.22030113829290093,0.22214450527568674,129617.37874620422,3496.832865298038,133114.21161150225,70.4,2.3,38.735289296374944,29.2,0.4,17.5,35.33329405604064,0.6320828670631575,45.42739385474572,1018.2904245810171,35.06665177573601,0.0
73.0,4.0,4.0,0.5,0.8,28.6,0.017172619047619048,0.02739578367498279,0.9726042163250174,29.4,880.0,590.0,290.0,0.6657212885154061,11.7,5.9,5.8,397.9634069556032,0.44579425919686805,0.2214150962670985,0.22283623692487464,129557.27620020797,3551.430528740144,133108.70672894813,71.4,1.8,39.64095549655407,28.8,0.6,18.8,35.35787826123034,0.6316125476858104,45.486400634342786,1018.0543974626287,35.422130828285226,0.8
74.0,4.0,4.0,0.5,0.6,28.5,0.01720252865414156,0.020341664731264288,0.9796583352687357,29.1,960.0,710.0,250.0,0.7407578170621648,12.1,7.1,5.0,398.32769654347214,0.4449064293465798,0.21338093006196157,0.22390894017952706,129719.44593210274,3552.883442522253,133272.329374625,72.4,1.1,40.47712214579081,28.7,0.4,18.3,35.18354767127029,0.6343278693709077,45.32723282447513,1018.6910687020996,35.59653728028022,0.0
75.0,4.0,4.0,0.5,0.1,28.9,0.01752976558315824,0.0032258064516129032,0.9967741935483871,29.0,915.0,590.0,325.0,0.6239237550113846,12.4,5.9,6.5,398.9371738808331,0.4444563847075897,0.21367815388130315,0.22311135537186413,129525.5219038709,3616.6906162524456,133142.2125201233,73.4,1.0,41.35474124688808,28.6,0.4,18.4,35.36811128499787,0.6325147387210559,45.51891558607643,1017.9243376556944,35.66979690177921,1.5
76.0,4.0,4.0,0.9,0.4,29.4,0.02995120239419461,0.013348164627363737,0.9866518353726363,29.8,885.0,600.0,285.0,0.6831610037559694,11.7,6.0,5.7,390.2082943515666,0.44548390683210615,0.21873346261181412,0.22034545473739758,129882.88363441257,3290.8975861450917,133173.78122055766,74.4,0.7,41.176722747497216,29.2,0.6,18.4,35.22360089767382,0.6336956585911154,45.167199286961264,1019.3312028521548,34.97179168125763,0.0
77.0,4.0,4.0,0.5,0.8,29.1,0.01598746081504702,0.025469376748575856,0.9745306232514241,29.9,935.0,670.0,265.0,0.7090023260766294,12.0,6.7,5.3,392.6770970440524,0.4456835168763932,0.22634086693794808,0.22169843851551904,129875.16609955925,3284.7926224349385,133159.95872199422,75.4,1.4,41.673323708642116,29.3,0.6,19.1,35.16793470961911,0.6334135699418305,45.17434694522275,1019.3026122191089,34.897889953329575,0.8
78.0,4.0,4.0,0.3,0.3,29.1,0.010122358175750834,0.010467980295566502,0.9895320197044335,29.4,885.0,590.0,295.0,0.6618610548951105,11.8,5.9,5.9,397.6050675836842,0.4439608398539039,0.22349565825267792,0.22376342425523005,129750.36232443116,3550.651180368971,133301.01350480012,76.4,1.9,43.20388864611473,28.9,0.5,19.1,35.17362774983336,0.6334476330623091,45.299543619067485,1018.8018255237305,35.2879214614563,0.8
79.0,4.0,4.0,0.4,0.5,29.0,0.013448275862068964,0.016465748980348534,0.9835342510196515,29.5,900.0,580.0,320.0,0.6219889048149918,12.2,5.8,6.4,396.0876585354139,0.44368069129073834,0.22203241589371664,0.22409383153304355,129948.58892022131,3493.075543388893,133441.6644636102,77.4,2.3,43.71843526169583,29.0,0.5,18.6,35.00901132670987,0.6352338058448002,45.104541069938826,1019.5818357202448,35.21679574465947,0.0
80.0,4.0,4.0,0.4,0.2,29.2,0.013225806451612903,0.006674082313681868,0.9933259176863182,29.4,865.0,640.0,225.0,0.7402876071297124,10.9,6.4,4.5,398.7587098032201,0.4437016569590958,0.22379616246773287,0.22476573085332996,129788.97639531693,3606.5365610524523,133395.51295636938,78.4,2.7,44.42194054534433,28.8,0.6,18.2,35.102049411103,0.633825717642864,45.26032507459788,1018.9586997016086,35.41709470938707,0.8
81.0,4.0,4.0,0.5,0.2,29.5,0.015826612903225807,0.00625,0.99375,29.7,995.0,730.0,265.0,0.7373961795596606,12.6,7.3,5.3,395.71894289338525,0.44346156260101444,0.2255359913474301,0.22328731475035615,129810.35218210387,3341.143084890905,133151.49526699478,79.4,2.9,44.75612687671781,29.1,0.6,19.1,35.15645571752492,0.6332482491523136,45.23903516031921,1019.0438593587226,35.086932276309334,0.8
82.0,4.0,4.0,0.1,0.4,29.2,0.0032258064516129032,0.013816939456539012,0.9861830605434608,29.6,970.0,630.0,340.0,0.6421837548416496,13.1,6.3,6.8,397.48337784700806,0.4423657672770692,0.2261667606009595,0.22503275834737452,129954.84350354224,3441.819371737568,133396.6628752798,80.4,3.1,45.891536822954365,28.8,0.8,18.9,34.965487872035446,0.6349119241715762,45.09783322684377,1019.6086670926252,35.46721331927696,0.0
83.0,4.0,4.0,0.2,0.2,29.2,0.0062561094819159335,0.0062561094819159335,0.9937438905180841,29.4,985.0,740.0,245.0,0.7457488418014733,12.3,7.4,4.9,404.8427354323107,0.441779974152089,0.23400233137149584,0.22689822321996017,129540.93711150301,3622.686256450835,133163.62336795384,81.4,3.7,46.63976692919407,28.6,0.8,18.5,35.20600741320896,0.6312814946845234,45.50839161752329,1017.9664335299067,35.7011640068277,1.6
84.0,4.0,4.0,0.6,0.7,29.1,0.019086372900414646,0.023859020310633215,0.976140979689367,29.8,900.0,600.0,300.0,0.6613266363266364,12.0,6.0,6.0,401.3880788380831,0.4419535780097914,0.23850489531172467,0.22483337960461175,129544.72877735893,3537.5099779230864,133082.23875528201,82.4,3.4,46.881822089947086,29.0,0.8,18.7,35.28899678632063,0.630167737271133,45.50319547096782,1017.9872181161287,35.22835379541614,0.8
85.0,4.0,4.0,1.3,0.6,29.8,0.038094386147778804,0.01720118961498272,0.9827988103850174,30.4,995.0,770.0,225.0,0.762281045751634,12.2,7.7,4.5,394.7373466328239,0.44274410465904523,0.2356768230114487,0.22313545539909235,129888.90275192524,3179.809544984216,133068.71229690945,83.4,3.4,46.5321004640315,29.8,0.6,19.1,35.10405794005908,0.6328819670224239,45.16359968962036,1019.3456012415187,34.55809312825442,0.0
86.0,4.0,4.0,0.3,0.3,29.8,0.00918560606060606,0.009906609195402299,0.9900933908045977,30.1,845.0,570.0,275.0,0.6602029695450748,11.2,5.7,5.5,396.739109204818,0.4412188387352024,0.23353632093970472,0.22482730983754323,130001.12721070419,3448.918429588296,133450.0456402925,84.4,4.2,47.835882362209944,29.5,0.6,19.1,34.940314062121516,0.6346490431779135,45.054324642680186,1019.7827014292791,34.86273442898758,0.0
87.0,4.0,4.0,0.6,0.4,30.0,0.01833288153971266,0.011881268636486853,0.9881187313635131,30.4,925.0,620.0,305.0,0.660317897788486,12.3,6.2,6.1,393.62239263179515,0.441890839580496,0.2351640325505903,0.22339555157909316,130060.28068204035,3234.559767848508,133294.84044988887,85.4,4.7,48.03392868550213,29.7,0.7,18.9,34.956028115389685,0.6345595187571382,44.99394897109384,1020.0242041156247,34.66498521967746,0.8
88.0,4.0,4.0,0.5,0.3,30.2,0.015890920936292983,0.009393939393939394,0.9906060606060606,30.5,1020.0,730.0,290.0,0.718688272511802,13.1,7.3,5.8,391.23149167153525,0.4411530263583797,0.23447572680877987,0.22330721997571815,130286.51290512616,3074.5791900163877,133361.09209514255,86.4,1.2,48.540755125374304,29.8,0.7,17.7,34.78699007160124,0.6364365244972565,44.77236957306681,1020.9105217077328,34.507045290059395,0.0
89.0,4.0,4.0,0.1,0.4,29.9,0.003333333333333333,0.012315718732314657,0.9876842812676854,30.3,810.0,510.0,300.0,0.638783490331478,11.1,5.1,6.0,391.4776027439708,0.4404142848463213,0.23057801331330255,0.22402082782290722,130389.38467082728,3338.9751965605465,133728.35986738783,87.4,2.0,49.53215664052582,29.7,0.6,17.8,34.675788862174784,0.6380541018285647,44.67136895368061,1021.3145241852774,34.629928875102905,0.0
90.0,4.0,4.0,0.2,0.3,29.8,0.006458333333333332,0.009906609195402299,0.9900933908045978,30.1,1045.0,710.0,335.0,0.6753183502233846,13.8,7.1,6.7,395.273593063372,0.4393682360311456,0.23360899753199632,0.22621152716593745,130379.10965729388,3241.6308519961435,133620.74050929004,88.4,2.6,50.66760155594208,29.5,0.6,17.2,34.59164274300029,0.6383688076897039,44.683410523365794,1021.2663579065368,34.825255216632684,0.8
91.0,4.0,4.0,0.2,0.0,30.0,0.007037037037037036,0.0,1.0,30.0,865.0,550.0,315.0,0.6247520735796412,11.8,5.5,6.3,394.54792652219066,0.4388341909817739,0.229743439619363,0.22655945223000198,130507.2919620061,3433.0182269219576,133940.31018892807,89.4,4.5,51.64663732857281,29.5,0.5,17.5,34.479645377894556,0.6398716071582335,44.557932914603086,1021.7682683415875,34.84953475336597,0.0
92.0,4.0,4.0,0.2,0.3,29.9,0.00625,0.01063321385902031,0.9893667861409796,30.2,1050.0,730.0,320.0,0.6834492962753832,13.7,7.3,6.4,393.1390068283869,0.4380877968140002,0.23142722792166986,0.22717230517460849,130742.03842628065,3190.905938190179,133932.94436447084,90.4,5.4,52.31913732857281,29.7,0.5,17.0,34.27562794427183,0.6417648632515485,44.32757434197836,1022.689702632086,34.67058264839362,0.0
93.0,4.0,4.0,0.5,0.4,30.0,0.01621592266753557,0.014294039294039296,0.9857059607059607,30.4,810.0,560.0,250.0,0.6974695634602754,10.6,5.6,5.0,389.8730036927255,0.438317631588407,0.22884499198469355,0.22512888103490356,130730.81381201003,3303.6731712754977,134034.48698328555,91.4,5.2,53.006475912927534,29.8,0.6,18.3,34.37063786754913,0.6412571418905424,44.33820067955162,1022.647197281793,34.60644135356556,0.8
94.0,4.0,4.0,0.2,0.0,30.2,0.006512605042016806,0.0,1.0,30.2,930.0,680.0,250.0,0.7230337861372345,11.8,6.8,5.0,388.75578291284603,0.43756107382686,0.2199393641379876,0.22394365888921824,130628.24316818861,3186.7753811571256,133815.01854934575,92.4,5.9,54.09849822884691,29.7,0.5,17.8,34.50383103241086,0.641086672009471,44.439051660742145,1022.2437933570312,34.81733322173629,0.8
95.0,4.0,4.0,0.2,0.7,29.7,0.0058823529411764705,0.020157443971485715,0.9798425560285142,30.4,950.0,680.0,270.0,0.7052842712842712,12.2,6.8,5.4,385.36317627973784,0.43699151153746907,0.21653869765348926,0.22074192450336744,130449.4620155165,3019.1915140209744,133468.6535295375,93.4,6.7,54.7922482288469,29.9,0.5,16.9,34.77702031864227,0.6387669444230758,44.61616369979119,1021.5353452008349,34.59496229035933,0.8
96.0,4.0,4.0,0.6,0.4,29.9,0.02076429317808628,0.013744588744588743,0.9862554112554113,30.3,995.0,710.0,285.0,0.7144787101443449,12.8,7.1,5.7,382.5325170042709,0.4371110504631922,0.21480973304254514,0.22044882825338,130645.78830654049,2939.4156246837174,133585.20393122418,94.4,5.5,55.398755138621326,29.8,0.5,17.3,34.64662109605392,0.6402523924368457,44.42286666737598,1022.308533330496,34.472697076470126,0.0
97.0,4.0,4.0,0.5,0.4,30.0,0.016236029765441532,0.012276898220103086,0.987723101779897,30.4,900.0,630.0,270.0,0.6879757923236185,11.7,6.3,5.4,386.61222712858125,0.43666773159027283,0.22617125994731774,0.2218492322530446,130485.77087739119,3109.183744071221,133594.9546214624,95.4,5.2,56.24549013565045,29.9,0.5,17.9,34.70345366792854,0.6385153696997877,44.578224125466285,1021.687103498135,34.41022102455524,1.6
98.0,4.0,4.0,0.4,0.2,30.2,0.011904761904761904,0.006349206349206349,0.9936507936507937,30.4,875.0,610.0,265.0,0.6803480456741327,11.4,6.1,5.3,388.85160067804895,0.4368540083301771,0.23288321346764987,0.221874021141931,130234.5094768696,3175.4518271589764,133409.96130402858,96.4,6.0,56.73348609605133,29.9,0.5,17.8,34.900806124387714,0.6360984542226389,44.824364153245185,1020.7025433870183,34.37165826610114,1.6
99.0,4.0,4.0,0.4,0.8,29.8,0.011517273576097106,0.02466542172424525,0.9753345782757548,30.6,900.0,620.0,280.0,0.6803417800099721,11.8,6.2,5.6,388.4913950353146,0.43632535155201957,0.23588530776313651,0.22291583093254444,130452.78848023628,3118.7243635095188,133571.5128437458,97.4,6.5,57.454279941367226,30.1,0.5,17.8,34.686676839547154,0.6379319021515416,44.60972276938368,1021.5611089224655,34.252181826526076,0.0
100.0,4.0,4.0,0.3,0.3,29.8,0.009453781512605041,0.009500316255534472,0.9904996837444656,30.1,955.0,720.0,235.0,0.724061965598568,11.9,7.2,4.7,392.37660735534536,0.4360933824629652,0.22900271550762738,0.22339848730595885,130119.49998798067,3239.0159795944296,133358.51596757508,98.0,7.0,58.28978390363589,29.6,0.5,19.3,34.929718244207706,0.635967401642212,44.939100608042615,1020.2435975678293,34.737374919158796,1.6
