firm_id,period,age,status,price,prox_opt_tech,mc,mkt_share,inv_res,researching,innovating,imitating,attraction_res,attraction_no_res,attraction_inn,attraction_imi,wealth,previous_wealth,profits,previous_profits,output,previous_output,revenues,previous_revenues,technology,mag_tech_shock,deg_tech_div
69,5000,4998,2,41.641566265060234,0.47916666666666663,52.083333333333336,0.0,0,0,0,0,833,1298,1215,916,228736.10427757155,228936.10427757155,-200.0,-200.0,0,0,0.0,0.0,18223066054702561237502451624,0,0.4716327542252856
110,5000,4997,3,41.641566265060234,0.6145833333333333,38.541666666666664,0.011998445545516382,100,1,1,0,810,1238,1142,906,65571.62691376795,65262.369061072764,309.2578526951887,525.6967073236663,196.5411566913065,214.02365587777706,8184.281600172626,8974.525110946322,21734933271129720756674394326,0,0.4716327542252856
195,5000,4995,2,41.641566265060234,0.5625,43.75,0.0,0,0,0,0,733,1193,1087,839,221869.37265416604,222069.37265416604,-200.0,-250.0,0,0,0.0,0.0,31918006215187716094583106540,0,0.4716327542252856
313,5000,4992,2,41.641566265060234,0.5729166666666667,42.708333333333336,0.0,0,0,0,0,775,1226,1142,859,52920.64747932885,53120.64747932885,-200.0,-200.0,0,0,0.0,0.0,60562777628676381966954636938,0,0.4716327542252856
379,5000,4990,3,41.641566265060234,0.59375,40.625,0.003934712911687539,100,1,1,0,738,1223,1090,871,187928.52252326513,188163.00201364307,-234.4794903779263,-295.542885367899,64.45276798378845,16.773013783523812,2683.9142089634793,703.3326889455932,73604711062820425856504656678,0,0.4716327542252856
391,5000,4990,2,41.641566265060234,0.47916666666666663,52.083333333333336,0.0,0,0,0,0,673,1152,1036,789,249380.0045153706,249580.0045153706,-200.0,-200.0,0,0,0.0,0.0,5201168682006618753646693762,0,0.4716327542252856
471,5000,4988,2,41.641566265060234,0.5625,43.75,0.0,0,0,0,0,776,1229,1179,826,37091.257432740174,37291.257432740174,-200.0,-200.0,0,0,0.0,0.0,45448840493885372264295475464,0,0.4716327542252856
531,5000,4986,2,41.641566265060234,0.5,50.0,0.0,100,1,1,0,792,1211,1150,853,157399.06118975754,157699.06118975754,-300.0,-200.0,0,0,0.0,0.0,28052237306480398511287075462,0,0.4716327542252856
718,5000,4982,2,41.641566265060234,0.46875,53.125,0.0,50,1,0,1,745,1185,1075,855,138792.8976724618,139042.8976724618,-250.0,-200.0,0,0,0.0,0.0,17384398543908341074056872288,0,0.4716327542252856
871,5000,4978,2,41.641566265060234,0.5625,43.75,0.0,0,0,0,0,765,1172,1086,851,161894.37737252426,162094.37737252426,-200.0,-250.0,0,0,0.0,0.0,52195230017896750965962062386,0,0.4716327542252856
951,5000,4976,2,41.641566265060234,0.5416666666666667,45.833333333333336,0.0,0,0,0,0,717,1164,1094,787,958.7704650323649,1158.7704650323649,-200.0,-200.0,0,0,0.0,0.0,26434329687308886248476913798,0,0.4716327542252856
1072,5000,4973,3,41.641566265060234,0.6041666666666667,39.583333333333336,0.007966579228601948,50,1,0,1,770,1245,1176,839,38896.72171286391,38878.12856749044,18.59314537346455,98.30389719435618,130.49696233754725,148.27344184635902,5434.097904568043,6217.460970279401,60327030386779258451609697294,0,0.4716327542252856
2532,5000,4936,3,41.641566265060234,0.6145833333333333,38.541666666666664,0.011998445545516382,0,0,0,0,777,1220,1131,866,376226.48299502477,375817.2251423296,409.2578526951887,525.6967073236663,196.5411566913065,214.02365587777706,8184.281600172626,8974.525110946322,53900949762845731191954542572,0,0.4716327542252856
2686,5000,4932,2,41.641566265060234,0.5625,43.75,0.0,100,1,1,0,795,1272,1171,896,17274.744207951982,17574.744207951982,-300.0,-250.0,0,0,0.0,0.0,52173467271493151598791007930,0,0.4716327542252856
2773,5000,4930,2,41.641566265060234,0.47916666666666663,52.083333333333336,0.0,100,1,1,0,807,1225,1170,862,210163.18167489814,210463.18167489814,-300.0,-200.0,0,0,0.0,0.0,61711341335723713158047950422,0,0.4716327542252856
3750,5000,4906,2,41.641566265060234,0.5416666666666667,45.833333333333336,0.0,0,0,0,0,725,1154,1062,817,276015.0172835384,276215.0172835384,-200.0,-200.0,0,0,0.0,0.0,33377204160518876356300946314,0,0.4716327542252856
5102,5000,4872,2,41.641566265060234,0.5833333333333333,41.666666666666664,0.0,100,1,1,0,696,1152,1042,806,284482.83011775365,284782.83011775365,-300.0,-295.542885367899,0,16.773013783523812,0.0,703.3326889455932,18227913681868332156814681366,0,0.4716327542252856
8019,5000,4799,2,41.641566265060234,0.5208333333333333,47.916666666666664,0.0,0,0,0,0,675,1121,1053,743,399012.81497008505,399212.81497008505,-200.0,-200.0,0,0,0.0,0.0,56177365595860151673352021334,0,0.4716327542252856
12810,5000,4679,2,41.641566265060234,0.5520833333333333,44.791666666666664,0.0,0,0,0,0,715,1126,1036,805,9119.707511651803,9319.707511651803,-200.0,-200.0,0,0,0.0,0.0,40732146671391666971840772228,0,0.4716327542252856
13379,5000,4665,2,41.641566265060234,0.5625,43.75,0.0,0,0,0,0,647,1035,954,728,66949.66189384485,67149.66189384485,-200.0,-250.0,0,0,0.0,0.0,53125538352565975687249036550,0,0.4716327542252856
22011,5000,4449,2,41.641566265060234,0.46875,53.125,0.0,0,0,0,0,683,1087,1003,767,92021.44576733999,92221.44576733999,-200.0,-250.0,0,0,0.0,0.0,58179059658650384513959605930,0,0.4716327542252856
22635,5000,4434,2,41.641566265060234,0.5520833333333333,44.791666666666664,0.0,0,0,0,0,685,1077,1010,752,20741.679126286675,20941.679126286675,-200.0,-200.0,0,0,0.0,0.0,58034292969014195549656497886,0,0.4716327542252856
23725,5000,4406,2,41.641566265060234,0.5208333333333333,47.916666666666664,0.0,0,0,0,0,702,1061,1015,748,209851.2673703719,210051.2673703719,-200.0,-200.0,0,0,0.0,0.0,53986260371089023705504923302,0,0.4716327542252856
25135,5000,4371,2,41.641566265060234,0.5416666666666667,45.833333333333336,0.0,0,0,0,0,662,1081,1005,738,402655.3090550802,402855.3090550802,-200.0,-200.0,0,0,0.0,0.0,68796439089845264621617378638,0,0.4716327542252856
25312,5000,4367,2,41.641566265060234,0.5208333333333333,47.916666666666664,0.0,100,1,1,0,602,1021,935,688,240027.33929906884,240327.33929906884,-300.0,-200.0,0,0,0.0,0.0,13362112756425262058011334798,0,0.4716327542252856
27687,5000,4307,3,41.641566265060234,0.6041666666666667,39.583333333333336,0.007966579228601948,0,0,0,0,603,1011,891,723,63835.66770631682,63767.07456094335,68.59314537346455,98.30389719435618,130.49696233754725,148.27344184635902,5434.097904568043,6217.460970279401,29688222511897014915813813774,0,0.4716327542252856
32158,5000,4196,3,41.641566265060234,0.65625,34.375,0.02812591081317405,0,0,0,0,684,1053,1019,718,162550.3623862383,159402.5249885529,3147.8373976853904,3405.0640734954354,460.7179341063422,477.0245120034479,19185.016382590904,20002.781673613958,12975432208145369921372186078,0,0.4716327542252856
33366,5000,4165,3,41.641566265060234,0.6041666666666667,39.583333333333336,0.007966579228601948,0,0,0,0,592,1013,913,692,86238.31308848005,86169.71994310658,68.59314537346455,98.30389719435618,130.49696233754725,148.27344184635902,5434.097904568043,6217.460970279401,10683740443184539116582779708,0,0.4716327542252856
35578,5000,4110,2,41.641566265060234,0.5,50.0,0.0,0,0,0,0,660,1011,975,696,436680.51598900155,436880.51598900155,-200.0,-200.0,0,0,0.0,0.0,69521771855525312106513394102,0,0.4716327542252856
35914,5000,4102,3,41.641566265060234,0.6145833333333333,38.541666666666664,0.011998445545516382,0,0,0,0,582,968,907,643,95411.60609147853,95002.34823878335,409.2578526951887,525.6967073236663,196.5411566913065,214.02365587777706,8184.281600172626,8974.525110946322,67473531458581662036727196268,0,0.4716327542252856
36011,5000,4099,2,41.641566265060234,0.5625,43.75,0.0,0,0,0,0,573,986,912,647,354963.47429721174,355163.47429721174,-200.0,-300.0,0,0,0.0,0.0,12240385396993859336191010678,0,0.4716327542252856
37879,5000,4053,2,41.641566265060234,0.47916666666666663,52.083333333333336,0.0,100,1,1,0,567,965,863,669,68133.07326593516,68433.07326593516,-300.0,-200.0,0,0,0.0,0.0,12325730959687379044788206564,0,0.4716327542252856
37942,5000,4051,2,41.641566265060234,0.5833333333333333,41.666666666666664,0.0,50,1,0,1,569,977,859,687,411006.17354941624,411256.17354941624,-250.0,-195.54288536789895,0,16.773013783523812,0.0,703.3326889455932,49068479841947684556507035546,0,0.4716327542252856
38646,5000,4033,2,41.641566265060234,0.5729166666666667,42.708333333333336,0.0,0,0,0,0,635,968,913,690,282916.6554646518,283116.6554646518,-200.0,-200.0,0,0,0.0,0.0,50304546696868855249864030782,0,0.4716327542252856
41136,5000,3971,2,41.641566265060234,0.5833333333333333,41.666666666666664,0.0,0,0,0,0,560,948,846,662,143022.22174606353,143222.22174606353,-200.0,-245.54288536789895,0,16.773013783523812,0.0,703.3326889455932,44031832479841830992620170694,0,0.4716327542252856
41171,5000,3970,2,41.641566265060234,0.5729166666666667,42.708333333333336,0.0,0,0,0,0,668,993,974,687,107497.56962260506,107697.56962260506,-200.0,-200.0,0,0,0.0,0.0,68219560584158360072392083206,0,0.4716327542252856
46480,5000,3838,3,41.641566265060234,0.625,37.5,0.016030311862430792,0,0,0,0,588,936,876,648,370854.9138128874,369967.39918130013,887.5146315872416,940.0691300184274,262.5853510450653,279.7738699091947,10934.46529577719,11731.589251613228,3225884355942761196694496780,0,0.4716327542252856
48658,5000,3783,2,41.641566265060234,0.5104166666666667,48.958333333333336,0.0,0,0,0,0,606,932,883,655,111917.73019444117,112117.73019444117,-200.0,-250.0,0,0,0.0,0.0,61551030856440251096562244228,0,0.4716327542252856
48970,5000,3775,2,41.641566265060234,0.5520833333333333,44.791666666666664,0.0,0,0,0,0,581,914,883,612,274448.6945563757,274648.6945563757,-200.0,-200.0,0,0,0.0,0.0,818843712944447276773618260,0,0.4716327542252856
50632,5000,3734,2,41.641566265060234,0.5208333333333333,47.916666666666664,0.0,0,0,0,0,566,921,851,636,551738.1598400669,551938.1598400669,-200.0,-300.0,0,0,0.0,0.0,55683959772299909417817591436,0,0.4716327542252856
55134,5000,3621,2,41.641566265060234,0.53125,46.875,0.0,0,0,0,0,550,843,789,604,103824.93519855248,104024.93519855248,-200.0,-300.0,0,0,0.0,0.0,268122061238428170999771996,0,0.4716327542252856
55571,5000,3610,2,41.641566265060234,0.5416666666666667,45.833333333333336,0.0,0,0,0,0,591,904,841,654,111208.61788829575,111408.61788829575,-200.0,-200.0,0,0,0.0,0.0,8308355170761903113661763218,0,0.4716327542252856
56813,5000,3579,2,41.641566265060234,0.5208333333333333,47.916666666666664,0.0,0,0,0,0,502,797,742,557,82127.77894088002,82327.77894088002,-200.0,-200.0,0,0,0.0,0.0,17107986931504849206835814878,0,0.4716327542252856
60341,5000,3491,2,41.641566265060234,0.47916666666666663,52.083333333333336,0.0,0,0,0,0,499,842,760,581,108874.37017096613,109074.37017096613,-200.0,-200.0,0,0,0.0,0.0,75097596065971237715475451860,0,0.4716327542252856
63486,5000,3412,2,41.641566265060234,0.5729166666666667,42.708333333333336,0.0,0,0,0,0,520,844,765,599,414441.83592841413,414641.83592841413,-200.0,-200.0,0,0,0.0,0.0,69789578362800529068461850284,0,0.4716327542252856
65918,5000,3352,2,41.641566265060234,0.47916666666666663,52.083333333333336,0.0,0,0,0,0,443,780,684,539,22138.37258424994,22338.37258424994,-200.0,-200.0,0,0,0.0,0.0,18097405612396208486308164418,0,0.4716327542252856
66472,5000,3338,2,41.641566265060234,0.5625,43.75,0.0,100,1,1,0,566,870,831,605,65921.61637665398,66221.61637665398,-300.0,-200.0,0,0,0.0,0.0,16766928765817700713204326092,0,0.4716327542252856
66847,5000,3328,3,41.641566265060234,0.6041666666666667,39.583333333333336,0.007966579228601948,100,1,1,0,548,806,773,581,436550.4891479961,436581.89600262267,-31.40685462653545,-142.10930036949793,130.49696233754725,82.52322781494141,5434.097904568043,3460.3968296124967,1858577483357528623023907234,0,0.4716327542252856
68502,5000,3287,3,41.641566265060234,0.625,37.5,0.016030311862430792,0,0,0,0,548,856,790,614,179304.3848629398,178416.87023135254,887.5146315872416,1040.0691300184274,262.5853510450653,279.7738699091947,10934.46529577719,11731.589251613228,59060117093489931271736871930,0,0.4716327542252856
69745,5000,3256,2,41.641566265060234,0.5729166666666667,42.708333333333336,0.0,0,0,0,0,453,744,672,525,45545.01409122697,45745.01409122697,-200.0,-200.0,0,0,0.0,0.0,15106013859321283135083915732,0,0.4716327542252856
72557,5000,3186,2,41.641566265060234,0.48958333333333337,51.041666666666664,0.0,0,0,0,0,524,809,776,557,67189.23095712073,67389.23095712073,-200.0,-250.0,0,0,0.0,0.0,8905452580349976274412690704,0,0.4716327542252856
74047,5000,3148,2,41.641566265060234,0.46875,53.125,0.0,0,0,0,0,489,735,707,517,179900.53140376345,180100.53140376345,-200.0,-200.0,0,0,0.0,0.0,45803563266730599764917229196,0,0.4716327542252856
79678,5000,3008,3,41.641566265060234,0.6041666666666667,39.583333333333336,0.007966579228601948,100,1,1,0,400,718,631,487,210014.99729429343,210046.40414891997,-31.40685462653545,-92.10930036949792,130.49696233754725,82.52322781494141,5434.097904568043,3460.3968296124967,42882194556120864431928655320,0,0.4716327542252856
80494,5000,2987,3,41.641566265060234,0.59375,40.625,0.003934712911687539,100,1,1,0,477,751,713,515,315782.65833786776,316017.1378282457,-234.4794903779263,-192.10930036949793,64.45276798378845,82.52322781494141,2683.9142089634793,3460.3968296124967,15493307708249259327875213544,0,0.4716327542252856
80570,5000,2985,2,41.641566265060234,0.5208333333333333,47.916666666666664,0.0,0,0,0,0,532,729,745,516,49670.06787279363,49870.06787279363,-200.0,-200.0,0,0,0.0,0.0,18204946423277849571721144268,0,0.4716327542252856
80868,5000,2978,2,41.641566265060234,0.5416666666666667,45.833333333333336,0.0,50,1,0,1,414,711,640,485,261439.71138807415,261689.71138807415,-250.0,-200.0,0,0,0.0,0.0,70164119104781881292864789284,0,0.4716327542252856
81264,5000,2968,2,41.641566265060234,0.5,50.0,0.0,0,0,0,0,443,684,649,478,95477.9976445377,95677.9976445377,-200.0,-200.0,0,0,0.0,0.0,74521567474789451546390664110,0,0.4716327542252856
82101,5000,2947,2,41.641566265060234,0.5833333333333333,41.666666666666664,0.0,50,1,0,1,436,711,639,508,123731.59060629376,123981.59060629376,-250.0,-200.0,0,0,0.0,0.0,2435428480565295725739406734,0,0.4716327542252856
83922,5000,2901,2,41.641566265060234,0.5520833333333333,44.791666666666664,0.0,0,0,0,0,466,740,694,512,44131.08498883082,44331.08498883082,-200.0,-250.0,0,0,0.0,0.0,5502285510186387733332157810,0,0.4716327542252856
85961,5000,2850,2,41.641566265060234,0.5520833333333333,44.791666666666664,0.0,0,0,0,0,423,708,653,478,334041.9945834033,334241.9945834033,-200.0,-300.0,0,0,0.0,0.0,36112969536986179895865310094,0,0.4716327542252856
86255,5000,2843,2,41.641566265060234,0.5625,43.75,0.0,100,1,1,0,393,660,610,443,4876.452224312521,5176.452224312521,-300.0,-200.0,0,0,0.0,0.0,57795429641034865551824577932,0,0.4716327542252856
86634,5000,2834,2,41.641566265060234,0.5416666666666667,45.833333333333336,0.0,0,0,0,0,456,693,673,476,122648.3722610362,122848.3722610362,-200.0,-300.0,0,0,0.0,0.0,51741750981754901339142406082,0,0.4716327542252856
89129,5000,2771,2,41.641566265060234,0.5729166666666667,42.708333333333336,0.0,0,0,0,0,401,649,612,438,323776.80452807416,323976.80452807416,-200.0,-200.0,0,0,0.0,0.0,59301900778129347689656118990,0,0.4716327542252856
91822,5000,2704,2,41.641566265060234,0.53125,46.875,0.0,0,0,0,0,390,666,596,460,13923.474158783476,14123.474158783476,-200.0,-200.0,0,0,0.0,0.0,19404795836619175975317278934,0,0.4716327542252856
92055,5000,2698,2,41.641566265060234,0.5729166666666667,42.708333333333336,0.0,50,1,0,1,461,689,666,484,434931.6474963486,435181.6474963486,-250.0,-200.0,0,0,0.0,0.0,79510608001352300069361436,0,0.4716327542252856
94372,5000,2640,2,41.641566265060234,0.5104166666666667,48.958333333333336,0.0,50,1,0,1,404,630,603,431,381534.5564086513,381784.5564086513,-250.0,-300.0,0,0,0.0,0.0,72040748414084876080489875282,0,0.4716327542252856
94787,5000,2630,3,41.641566265060234,0.625,37.5,0.016030311862430792,0,0,0,0,386,614,581,419,149710.44173543892,148822.92710385166,887.5146315872416,940.0691300184274,262.5853510450653,279.7738699091947,10934.46529577719,11731.589251613228,42981422614636072342345055310,0,0.4716327542252856
96309,5000,2592,2,41.641566265060234,0.5625,43.75,0.0,0,0,0,0,371,633,553,451,38198.960388714,38398.960388714,-200.0,-300.0,0,0,0.0,0.0,75142933435631164475790888462,0,0.4716327542252856
96548,5000,2586,2,41.641566265060234,0.5520833333333333,44.791666666666664,0.0,0,0,0,0,372,629,560,441,240593.9975236665,240793.9975236665,-200.0,-200.0,0,0,0.0,0.0,50829596279705417435330373946,0,0.4716327542252856
96684,5000,2582,2,41.641566265060234,0.5729166666666667,42.708333333333336,0.0,0,0,0,0,411,646,608,449,289438.6668431645,289638.6668431645,-200.0,-250.0,0,0,0.0,0.0,16567168037524429551810997614,0,0.4716327542252856
96844,5000,2578,3,41.641566265060234,0.59375,40.625,0.003934712911687539,0,0,0,0,362,631,558,435,126633.9991156415,126768.47860601943,-134.4794903779263,-92.10930036949792,64.45276798378845,82.52322781494141,2683.9142089634793,3460.3968296124967,61208441085169689989267601926,0,0.4716327542252856
97651,5000,2558,2,41.641566265060234,0.5833333333333333,41.666666666666664,0.0,0,0,0,0,369,593,553,409,217593.71405803558,217793.71405803558,-200.0,-245.54288536789895,0,16.773013783523812,0.0,703.3326889455932,48142587016707361616681297502,0,0.4716327542252856
102385,5000,2440,2,41.641566265060234,0.5208333333333333,47.916666666666664,0.0,50,1,0,1,335,603,523,415,87276.19681076756,87526.19681076756,-250.0,-250.0,0,0,0.0,0.0,11813535580431202332624239174,0,0.4716327542252856
104068,5000,2398,2,41.641566265060234,0.5416666666666667,45.833333333333336,0.0,50,1,0,1,357,589,522,424,343974.83154311177,344224.83154311177,-250.0,-250.0,0,0,0.0,0.0,34268844732737960225826242322,0,0.4716327542252856
106364,5000,2340,2,41.641566265060234,0.5208333333333333,47.916666666666664,0.0,0,0,0,0,385,650,588,447,426819.84922399756,427019.84922399756,-200.0,-200.0,0,0,0.0,0.0,12089127466469883020862597742,0,0.4716327542252856
108291,5000,2292,2,41.641566265060234,0.5416666666666667,45.833333333333336,0.0,0,0,0,0,341,565,521,385,54510.23069984903,54710.23069984903,-200.0,-200.0,0,0,0.0,0.0,27531195034848862086585574056,0,0.4716327542252856
110059,5000,2248,2,41.641566265060234,0.53125,46.875,0.0,0,0,0,0,315,545,501,359,337195.6977663158,337395.6977663158,-200.0,-200.0,0,0,0.0,0.0,11960610727088877957879589640,0,0.4716327542252856
114187,5000,2145,2,41.641566265060234,0.5625,43.75,0.0,0,0,0,0,363,556,515,404,465146.906477044,465346.906477044,-200.0,-200.0,0,0,0.0,0.0,26787178194709343909738100686,0,0.4716327542252856
114765,5000,2130,2,41.641566265060234,0.5729166666666667,42.708333333333336,0.0,50,1,0,1,305,493,442,356,9858.193860002895,10108.193860002895,-250.0,-300.0,0,0,0.0,0.0,7771441822924363178584108038,0,0.4716327542252856
115267,5000,2118,2,41.641566265060234,0.5104166666666667,48.958333333333336,0.0,0,0,0,0,340,544,499,385,206264.23475419127,206464.23475419127,-200.0,-200.0,0,0,0.0,0.0,55285162307020316404905528668,0,0.4716327542252856
115622,5000,2109,3,41.641566265060234,0.6145833333333333,38.541666666666664,0.011998445545516382,0,0,0,0,324,534,504,354,259299.04061118767,258889.78275849248,409.2578526951887,525.6967073236663,196.5411566913065,214.02365587777706,8184.281600172626,8974.525110946322,6371521778102099585913831306,0,0.4716327542252856
115763,5000,2105,3,41.641566265060234,0.6145833333333333,38.541666666666664,0.011998445545516382,0,0,0,0,324,516,468,372,123056.65347289074,122647.39562019556,409.2578526951887,425.69670732366626,196.5411566913065,214.02365587777706,8184.281600172626,8974.525110946322,57349501574532064010167170702,0,0.4716327542252856
117770,5000,2055,2,41.641566265060234,0.5520833333333333,44.791666666666664,0.0,0,0,0,0,313,501,460,354,7484.263556428099,7684.263556428099,-200.0,-250.0,0,0,0.0,0.0,13397338801778287182298904334,0,0.4716327542252856
118682,5000,2032,2,41.641566265060234,0.5104166666666667,48.958333333333336,0.0,0,0,0,0,335,527,489,373,25627.602522642148,25827.602522642148,-200.0,-300.0,0,0,0.0,0.0,65871734774896867068229054086,0,0.4716327542252856
119479,5000,2013,2,41.641566265060234,0.5,50.0,0.0,100,1,1,0,288,466,425,329,262642.6372253366,262942.6372253366,-300.0,-200.0,0,0,0.0,0.0,33695182935935855366916551486,0,0.4716327542252856
120389,5000,1990,2,41.641566265060234,0.44791666666666663,55.208333333333336,0.0,0,0,0,0,288,512,439,361,108381.55578544772,108581.55578544772,-200.0,-300.0,0,0,0.0,0.0,16072413155840987446443484446,0,0.4716327542252856
121040,5000,1974,2,41.641566265060234,0.5833333333333333,41.666666666666664,0.0,100,1,1,0,315,474,456,333,67525.22017578591,67825.22017578591,-300.0,-195.54288536789895,0,16.773013783523812,0.0,703.3326889455932,54374670439138446496770553740,0,0.4716327542252856
121692,5000,1957,2,41.641566265060234,0.41666666666666663,58.333333333333336,0.0,100,1,1,0,261,493,435,319,135650.76760750287,135950.76760750287,-300.0,-200.0,0,0,0.0,0.0,69062054225322009770034615844,0,0.4716327542252856
124213,5000,1894,2,41.641566265060234,0.5208333333333333,47.916666666666664,0.0,50,1,0,1,303,460,446,317,235331.29827961608,235581.29827961608,-250.0,-250.0,0,0,0.0,0.0,65772066571097224404310480646,0,0.4716327542252856
126854,5000,1828,2,41.641566265060234,0.5729166666666667,42.708333333333336,0.0,0,0,0,0,290,456,446,300,140889.43604529407,141089.43604529407,-200.0,-200.0,0,0,0.0,0.0,42815808073024914419213738900,0,0.4716327542252856
127036,5000,1824,2,41.641566265060234,0.5520833333333333,44.791666666666664,0.0,0,0,0,0,264,434,401,297,70608.52399249807,70808.52399249807,-200.0,-250.0,0,0,0.0,0.0,18001412898796859072352522204,0,0.4716327542252856
128660,5000,1783,2,41.641566265060234,0.5104166666666667,48.958333333333336,0.0,0,0,0,0,235,379,345,269,53879.869647990505,54079.869647990505,-200.0,-200.0,0,0,0.0,0.0,19287676059996899920136956996,0,0.4716327542252856
128806,5000,1779,2,41.641566265060234,0.5520833333333333,44.791666666666664,0.0,100,1,1,0,266,442,393,315,222531.64420404192,222831.64420404192,-300.0,-200.0,0,0,0.0,0.0,67002707835060017741277605014,0,0.4716327542252856
128898,5000,1777,2,41.641566265060234,0.5625,43.75,0.0,0,0,0,0,261,441,407,295,362847.7669006896,363047.7669006896,-200.0,-300.0,0,0,0.0,0.0,44687687150478821202991073158,0,0.4716327542252856
129380,5000,1765,2,41.641566265060234,0.5729166666666667,42.708333333333336,0.0,0,0,0,0,296,472,450,318,51969.59033438482,52169.59033438482,-200.0,-200.0,0,0,0.0,0.0,76619025292877917154436991662,0,0.4716327542252856
129592,5000,1760,2,41.641566265060234,0.46875,53.125,0.0,0,0,0,0,235,411,347,299,154315.5008181846,154515.5008181846,-200.0,-200.0,0,0,0.0,0.0,55335957250700489070700395086,0,0.4716327542252856
131024,5000,1724,2,41.641566265060234,0.53125,46.875,0.0,0,0,0,0,317,463,441,339,75979.34637644,76179.34637644,-200.0,-200.0,0,0,0.0,0.0,35175284856392755392633820956,0,0.4716327542252856
131132,5000,1721,2,41.641566265060234,0.5520833333333333,44.791666666666664,0.0,0,0,0,0,263,425,396,292,79906.76283127003,80106.76283127003,-200.0,-300.0,0,0,0.0,0.0,47280377905795426522449853436,0,0.4716327542252856
131142,5000,1721,2,41.641566265060234,0.48958333333333337,51.041666666666664,0.0,0,0,0,0,268,418,390,296,92918.36572115924,93118.36572115924,-200.0,-200.0,0,0,0.0,0.0,6872690267661041575691887310,0,0.4716327542252856
133060,5000,1673,2,41.641566265060234,0.5416666666666667,45.833333333333336,0.0,0,0,0,0,264,427,413,278,134960.7519833285,135160.7519833285,-200.0,-200.0,0,0,0.0,0.0,8093457579230838624589306758,0,0.4716327542252856
133070,5000,1673,2,41.641566265060234,0.5833333333333333,41.666666666666664,0.0,50,1,0,1,274,441,413,302,220718.45495074146,220968.45495074146,-250.0,-195.54288536789895,0,16.773013783523812,0.0,703.3326889455932,78885343641331034929882948818,0,0.4716327542252856
134286,5000,1642,2,41.641566265060234,0.45833333333333337,54.166666666666664,0.0,50,1,0,1,279,429,421,287,129544.76012401923,129794.76012401923,-250.0,-300.0,0,0,0.0,0.0,32315354375564181527691824388,0,0.4716327542252856
134809,5000,1629,2,41.641566265060234,0.5729166666666667,42.708333333333336,0.0,0,0,0,0,250,403,392,261,75934.43891022183,76134.43891022183,-200.0,-300.0,0,0,0.0,0.0,76354947919660208181149105742,0,0.4716327542252856
134959,5000,1626,2,41.641566265060234,0.5,50.0,0.0,0,0,0,0,275,417,395,297,143779.11009718385,143979.11009718385,-200.0,-250.0,0,0,0.0,0.0,12580631453638412661411062670,0,0.4716327542252856
135028,5000,1624,2,41.641566265060234,0.5,50.0,0.0,100,1,1,0,244,391,349,286,24230.0609231298,24530.0609231298,-300.0,-200.0,0,0,0.0,0.0,8187326187077676099123009010,0,0.4716327542252856
135162,5000,1620,3,41.641566265060234,0.65625,34.375,0.02812591081317405,100,1,1,0,271,401,369,303,480930.2594894176,477882.4220917322,3047.8373976853904,2379.752813104314,460.7179341063422,411.2742979720303,19185.016382590904,17245.717532947052,57873574103577698643771096072,0,0.4716327542252856
135248,5000,1618,2,41.641566265060234,0.5520833333333333,44.791666666666664,0.0,0,0,0,0,280,424,394,310,103973.2530360662,104173.2530360662,-200.0,-200.0,0,0,0.0,0.0,73673025277148265917128140518,0,0.4716327542252856
135252,5000,1618,2,41.641566265060234,0.53125,46.875,0.0,100,1,1,0,257,421,385,293,175165.45806059355,175465.45806059355,-300.0,-200.0,0,0,0.0,0.0,74970393180503799231356291982,0,0.4716327542252856
135432,5000,1614,3,41.641566265060234,0.59375,40.625,0.003934712911687539,0,0,0,0,277,410,388,299,9344.399216466303,9478.878706844229,-134.4794903779263,-92.10930036949792,64.45276798378845,82.52322781494141,2683.9142089634793,3460.3968296124967,8245343366936119347926525062,0,0.4716327542252856
135818,5000,1604,3,41.641566265060234,0.59375,40.625,0.003934712911687539,100,1,1,0,259,398,376,281,176416.13228727077,176650.6117776487,-234.4794903779263,-92.10930036949792,64.45276798378845,82.52322781494141,2683.9142089634793,3460.3968296124967,25535453250392634467731573466,0,0.4716327542252856
137545,5000,1561,2,41.641566265060234,0.5416666666666667,45.833333333333336,0.0,0,0,0,0,259,428,379,308,128848.30943366437,129048.30943366437,-200.0,-250.0,0,0,0.0,0.0,23486866419138518950959445652,0,0.4716327542252856
138281,5000,1542,2,41.641566265060234,0.5729166666666667,42.708333333333336,0.0,50,1,0,1,254,387,378,263,116586.40163185098,116836.40163185098,-250.0,-200.0,0,0,0.0,0.0,53583089715290331515798025432,0,0.4716327542252856
139464,5000,1513,2,41.641566265060234,0.5833333333333333,41.666666666666664,0.0,0,0,0,0,285,394,384,295,134403.68396723754,134603.68396723754,-200.0,-195.54288536789895,0,16.773013783523812,0.0,703.3326889455932,48268798425648211425485123412,0,0.4716327542252856
139527,5000,1511,2,41.641566265060234,0.53125,46.875,0.0,0,0,0,0,238,375,341,272,127036.40995258349,127236.40995258349,-200.0,-200.0,0,0,0.0,0.0,6076055481557056857231946430,0,0.4716327542252856
139826,5000,1504,2,41.641566265060234,0.48958333333333337,51.041666666666664,0.0,0,0,0,0,223,389,353,259,141377.8327934591,141577.8327934591,-200.0,-200.0,0,0,0.0,0.0,7932269174829584526091471404,0,0.4716327542252856
139934,5000,1501,2,41.641566265060234,0.48958333333333337,51.041666666666664,0.0,0,0,0,0,236,373,333,276,142978.52934547895,143178.52934547895,-200.0,-250.0,0,0,0.0,0.0,977813230323568526994249274,0,0.4716327542252856
140382,5000,1490,3,41.641566265060234,0.6041666666666667,39.583333333333336,0.007966579228601948,100,1,1,0,221,356,321,256,166615.52601258576,166646.9328672123,-31.40685462653545,98.30389719435618,130.49696233754725,148.27344184635902,5434.097904568043,6217.460970279401,76338141026016075752733026140,0,0.4716327542252856
140424,5000,1489,2,41.641566265060234,0.53125,46.875,0.0,100,1,1,0,249,379,366,262,112453.07574030472,112753.07574030472,-300.0,-250.0,0,0,0.0,0.0,26205140930529472526458713870,0,0.4716327542252856
143762,5000,1405,2,41.641566265060234,0.48958333333333337,51.041666666666664,0.0,0,0,0,0,187,352,294,245,124064.65478274255,124264.65478274255,-200.0,-200.0,0,0,0.0,0.0,11483492206812848912974809468,0,0.4716327542252856
143828,5000,1404,2,41.641566265060234,0.5625,43.75,0.0,50,1,0,1,210,327,316,221,109170.07046894226,109420.07046894226,-250.0,-200.0,0,0,0.0,0.0,4640947589534794524634266118,0,0.4716327542252856
143985,5000,1400,2,41.641566265060234,0.5833333333333333,41.666666666666664,0.0,100,1,1,0,227,344,335,236,135444.45228859037,135744.45228859037,-300.0,-200.0,0,0,0.0,0.0,78510581472588524227795668892,0,0.4716327542252856
144176,5000,1395,3,41.641566265060234,0.6458333333333333,35.416666666666664,0.02409404449625964,0,0,0,0,235,340,329,246,181432.348101344,179175.54369726163,2256.8044040823447,2479.752813104314,394.6737397525834,411.2742979720303,16434.832686986338,17245.717532947052,44155901761539111034739926490,0,0.4716327542252856
144237,5000,1394,2,41.641566265060234,0.5,50.0,0.0,0,0,0,0,212,330,307,235,185544.79970269834,185744.79970269834,-200.0,-200.0,0,0,0.0,0.0,6673235538933359271634791886,0,0.4716327542252856
144846,5000,1378,2,41.641566265060234,0.5520833333333333,44.791666666666664,0.0,100,1,1,0,257,365,370,252,122819.60641356622,123119.60641356622,-300.0,-250.0,0,0,0.0,0.0,12262949610814108822181547974,0,0.4716327542252856
145973,5000,1350,2,41.641566265060234,0.53125,46.875,0.0,0,0,0,0,234,362,350,246,53622.60663793873,53822.60663793873,-200.0,-200.0,0,0,0.0,0.0,39272431463274765693344593864,0,0.4716327542252856
148586,5000,1285,2,41.641566265060234,0.47916666666666663,52.083333333333336,0.0,100,1,1,0,191,309,268,232,-75.72258640072596,224.27741359927404,-300.0,-250.0,0,0,0.0,0.0,6448835124595169861074609742,0,0.4716327542252856
148626,5000,1284,2,41.641566265060234,0.53125,46.875,0.0,0,0,0,0,191,308,290,209,4049.754429615392,4249.754429615392,-200.0,-200.0,0,0,0.0,0.0,22089266468438572417418100358,0,0.4716327542252856
148731,5000,1281,3,41.641566265060234,0.6145833333333333,38.541666666666664,0.011998445545516382,100,1,1,0,181,322,276,227,105280.06964595546,104970.81179326028,309.2578526951887,98.30389719435618,196.5411566913065,148.27344184635902,8184.281600172626,6217.460970279401,42171428411115957947717319070,0,0.4716327542252856
149136,5000,1271,3,41.641566265060234,0.59375,40.625,0.003934712911687539,50,1,0,1,166,299,259,206,341224.64856857137,341409.1280589493,-184.4794903779263,-195.54288536789895,64.45276798378845,16.773013783523812,2683.9142089634793,703.3326889455932,65883310141207212098569485598,0,0.4716327542252856
150081,5000,1247,2,41.641566265060234,0.5520833333333333,44.791666666666664,0.0,50,1,0,1,190,328,287,231,11023.063449657486,11273.063449657486,-250.0,-200.0,0,0,0.0,0.0,55393500632711239768024800222,0,0.4716327542252856
150649,5000,1233,2,41.641566265060234,0.5416666666666667,45.833333333333336,0.0,0,0,0,0,155,304,263,196,19998.06591605545,20198.06591605545,-200.0,-200.0,0,0,0.0,0.0,59369052329932709981563108076,0,0.4716327542252856
150686,5000,1232,2,41.641566265060234,0.53125,46.875,0.0,0,0,0,0,190,289,263,216,87951.99065305703,88151.99065305703,-200.0,-200.0,0,0,0.0,0.0,37992621412361741854312344840,0,0.4716327542252856
150899,5000,1227,2,41.641566265060234,0.5104166666666667,48.958333333333336,0.0,50,1,0,1,191,316,294,213,306958.9875149962,307208.9875149962,-250.0,-200.0,0,0,0.0,0.0,74872461500616727197280870338,0,0.4716327542252856
151226,5000,1219,2,41.641566265060234,0.53125,46.875,0.0,100,1,1,0,209,317,299,227,82541.48606454323,82841.48606454323,-300.0,-200.0,0,0,0.0,0.0,57684671126475077541119684558,0,0.4716327542252856
151551,5000,1211,2,41.641566265060234,0.5625,43.75,0.0,0,0,0,0,210,315,312,213,50387.98938489065,50587.98938489065,-200.0,-250.0,0,0,0.0,0.0,25648961665597802301167517078,0,0.4716327542252856
153967,5000,1150,2,41.641566265060234,0.5208333333333333,47.916666666666664,0.0,0,0,0,0,194,299,274,219,200410.0606337477,200610.0606337477,-200.0,-250.0,0,0,0.0,0.0,25638607468010446007116448398,0,0.4716327542252856
154440,5000,1139,2,41.641566265060234,0.5625,43.75,0.0,100,1,1,0,193,284,280,197,118914.96263733716,119214.96263733716,-300.0,-200.0,0,0,0.0,0.0,13497868057097991816239664652,0,0.4716327542252856
155466,5000,1113,2,41.641566265060234,0.5729166666666667,42.708333333333336,0.0,0,0,0,0,197,297,285,209,48553.30239482797,48753.30239482797,-200.0,-200.0,0,0,0.0,0.0,65154315778530027021959398848,0,0.4716327542252856
155715,5000,1107,2,41.641566265060234,0.5520833333333333,44.791666666666664,0.0,0,0,0,0,184,286,257,213,144790.0947332514,144990.0947332514,-200.0,-200.0,0,0,0.0,0.0,25268488868424575647501682142,0,0.4716327542252856
155887,5000,1102,2,41.641566265060234,0.5625,43.75,0.0,50,1,0,1,187,286,274,199,14102.89082406663,14352.89082406663,-250.0,-250.0,0,0,0.0,0.0,60996823698024069977898692226,0,0.4716327542252856
157296,5000,1067,2,41.641566265060234,0.5625,43.75,0.0,0,0,0,0,164,278,247,195,66643.11861628437,66843.11861628437,-200.0,-300.0,0,0,0.0,0.0,16973651538155731803449090064,0,0.4716327542252856
157862,5000,1053,2,41.641566265060234,0.5416666666666667,45.833333333333336,0.0,100,1,1,0,178,279,240,217,141801.8075456845,142101.8075456845,-300.0,-200.0,0,0,0.0,0.0,36704038198508896459843838932,0,0.4716327542252856
158237,5000,1044,3,41.641566265060234,0.59375,40.625,0.003934712911687539,0,0,0,0,149,253,235,167,156258.87749414504,156393.35698452298,-134.4794903779263,-142.10930036949793,64.45276798378845,82.52322781494141,2683.9142089634793,3460.3968296124967,54076586841799666256690422474,0,0.4716327542252856
158512,5000,1037,2,41.641566265060234,0.5,50.0,0.0,100,1,1,0,193,291,276,208,54188.20161589855,54488.20161589855,-300.0,-200.0,0,0,0.0,0.0,1657893557751422372620988232,0,0.4716327542252856
158908,5000,1027,3,41.641566265060234,0.625,37.5,0.016030311862430792,50,1,0,1,192,279,279,192,96870.77148907032,96033.25685748308,837.5146315872416,1040.0691300184274,262.5853510450653,279.7738699091947,10934.46529577719,11731.589251613228,49552232321078801642586825432,0,0.4716327542252856
159350,5000,1016,2,41.641566265060234,0.42708333333333337,57.291666666666664,0.0,50,1,0,1,180,249,238,191,23582.672613466737,23832.672613466737,-250.0,-250.0,0,0,0.0,0.0,13606092893534199554689897174,0,0.4716327542252856
159468,5000,1013,2,41.641566265060234,0.5104166666666667,48.958333333333336,0.0,100,1,1,0,157,250,242,165,107156.58739853429,107456.58739853429,-300.0,-300.0,0,0,0.0,0.0,33463729589005601943392156906,0,0.4716327542252856
159699,5000,1007,2,41.641566265060234,0.5,50.0,0.0,0,0,0,0,157,253,249,161,61232.25863851466,61432.25863851466,-200.0,-200.0,0,0,0.0,0.0,49004348211497105851566437662,0,0.4716327542252856
159898,5000,1002,3,41.641566265060234,0.625,37.5,0.016030311862430792,0,0,0,0,137,225,197,165,212423.6948578744,211536.18022628714,887.5146315872416,940.0691300184274,262.5853510450653,279.7738699091947,10934.46529577719,11731.589251613228,48744215583008477735531753234,0,0.4716327542252856
159917,5000,1002,2,41.641566265060234,0.5104166666666667,48.958333333333336,0.0,50,1,0,1,180,258,258,180,13077.22537674936,13327.22537674936,-250.0,-300.0,0,0,0.0,0.0,18090260572155490405104333262,0,0.4716327542252856
161473,5000,963,2,41.641566265060234,0.5,50.0,0.0,0,0,0,0,148,243,228,163,29857.202275536263,30057.202275536263,-200.0,-300.0,0,0,0.0,0.0,16168586740061157684212960850,0,0.4716327542252856
161656,5000,958,2,41.641566265060234,0.5520833333333333,44.791666666666664,0.0,0,0,0,0,120,222,195,147,198386.5716379982,198586.5716379982,-200.0,-250.0,0,0,0.0,0.0,17220499320664602907669494754,0,0.4716327542252856
161815,5000,954,2,41.641566265060234,0.46875,53.125,0.0,100,1,1,0,184,243,241,186,74374.26595371656,74674.26595371656,-300.0,-300.0,0,0,0.0,0.0,14800042582831947104626454468,0,0.4716327542252856
162683,5000,932,2,41.641566265060234,0.5625,43.75,0.0,0,0,0,0,143,212,198,157,97521.33367394538,97721.33367394538,-200.0,-200.0,0,0,0.0,0.0,17616898651180605289713269506,0,0.4716327542252856
163542,5000,911,2,41.641566265060234,0.5104166666666667,48.958333333333336,0.0,0,0,0,0,156,227,211,172,79045.32958908,79245.32958908,-200.0,-200.0,0,0,0.0,0.0,14953554325283377771881112910,0,0.4716327542252856
163778,5000,905,2,41.641566265060234,0.5729166666666667,42.708333333333336,0.0,50,1,0,1,122,206,190,138,74409.71084131055,74659.71084131055,-250.0,-250.0,0,0,0.0,0.0,53392092921987165362316004186,0,0.4716327542252856
164751,5000,881,2,41.641566265060234,0.5729166666666667,42.708333333333336,0.0,100,1,1,0,136,224,207,153,112364.4043924891,112664.4043924891,-300.0,-200.0,0,0,0.0,0.0,9525716955992348470236921546,0,0.4716327542252856
165485,5000,862,2,41.641566265060234,0.45833333333333337,54.166666666666664,0.0,0,0,0,0,136,214,192,158,39934.83477610322,40134.83477610322,-200.0,-250.0,0,0,0.0,0.0,35041209648309754786216926586,0,0.4716327542252856
165583,5000,860,2,41.641566265060234,0.5,50.0,0.0,0,0,0,0,151,222,220,153,51412.42166468654,51612.42166468654,-200.0,-250.0,0,0,0.0,0.0,28257911850565150812646210304,0,0.4716327542252856
165660,5000,858,2,41.641566265060234,0.5520833333333333,44.791666666666664,0.0,0,0,0,0,119,212,184,147,95791.18324709454,95991.18324709454,-200.0,-200.0,0,0,0.0,0.0,8264745251107228592536890696,0,0.4716327542252856
167716,5000,807,2,41.641566265060234,0.5,50.0,0.0,0,0,0,0,108,195,158,145,138798.36255972757,138998.36255972757,-200.0,-200.0,0,0,0.0,0.0,44557107085869248392906453574,0,0.4716327542252856
168905,5000,777,2,41.641566265060234,0.5208333333333333,47.916666666666664,0.0,0,0,0,0,120,190,185,125,136614.5791526365,136814.5791526365,-200.0,-200.0,0,0,0.0,0.0,3369044391298066196415236639,0,0.4716327542252856
169618,5000,759,2,41.641566265060234,0.5520833333333333,44.791666666666664,0.0,0,0,0,0,114,198,174,138,21710.024834397198,21910.024834397198,-200.0,-200.0,0,0,0.0,0.0,8892346369354694567009304540,0,0.4716327542252856
169783,5000,755,2,41.641566265060234,0.5625,43.75,0.0,100,1,1,0,124,192,177,139,2826.6085206181524,3126.6085206181524,-300.0,-250.0,0,0,0.0,0.0,39849702762724904512919587508,0,0.4716327542252856
169903,5000,752,3,41.641566265060234,0.6041666666666667,39.583333333333336,0.007966579228601948,0,0,0,0,137,198,189,146,120634.9102316918,120566.31708631833,68.59314537346455,148.30389719435618,130.49696233754725,148.27344184635902,5434.097904568043,6217.460970279401,77613566358005026226333612254,0,0.4716327542252856
170198,5000,745,2,41.641566265060234,0.5833333333333333,41.666666666666664,0.0,100,1,1,0,141,192,186,147,118928.60459779415,119228.60459779415,-300.0,-195.54288536789895,0,16.773013783523812,0.0,703.3326889455932,49179552861199769808816374726,0,0.4716327542252856
170459,5000,738,2,41.641566265060234,0.5208333333333333,47.916666666666664,0.0,50,1,0,1,97,186,158,125,115514.02876297025,115764.02876297025,-250.0,-300.0,0,0,0.0,0.0,12250349470352676761959659338,0,0.4716327542252856
171093,5000,722,3,41.641566265060234,0.625,37.5,0.016030311862430792,100,1,1,0,118,187,177,128,29877.896102642924,29090.381471055684,787.5146315872416,525.6967073236663,262.5853510450653,214.02365587777706,10934.46529577719,8974.525110946322,51886351495879557741825800352,0,0.4716327542252856
171097,5000,722,2,41.641566265060234,0.48958333333333337,51.041666666666664,0.0,50,1,0,1,143,207,200,150,38492.03496011278,38742.03496011278,-250.0,-200.0,0,0,0.0,0.0,9892351174526071358118486182,0,0.4716327542252856
172043,5000,698,2,41.641566265060234,0.47916666666666663,52.083333333333336,0.0,0,0,0,0,102,175,151,126,99939.26306663181,100139.26306663181,-200.0,-200.0,0,0,0.0,0.0,4430645661140086635492712980,0,0.4716327542252856
172052,5000,698,2,41.641566265060234,0.47916666666666663,52.083333333333336,0.0,50,1,0,1,111,181,168,124,71164.04701196341,71414.04701196341,-250.0,-200.0,0,0,0.0,0.0,77956915270933863957120275100,0,0.4716327542252856
172382,5000,690,2,41.641566265060234,0.5416666666666667,45.833333333333336,0.0,0,0,0,0,82,154,128,108,44800.09328498971,45000.09328498971,-200.0,-200.0,0,0,0.0,0.0,47875668535849414456439011882,0,0.4716327542252856
172439,5000,689,2,41.641566265060234,0.53125,46.875,0.0,0,0,0,0,82,156,137,101,57315.58114487615,57515.58114487615,-200.0,-250.0,0,0,0.0,0.0,33206484107164796300660010614,0,0.4716327542252856
172635,5000,684,2,41.641566265060234,0.5625,43.75,0.0,0,0,0,0,125,187,159,153,227048.38964191955,227248.38964191955,-200.0,-300.0,0,0,0.0,0.0,46718808523314591384841190286,0,0.4716327542252856
172661,5000,683,3,41.641566265060234,0.6354166666666667,36.458333333333336,0.020062178179345202,0,0,0,0,132,201,190,143,71731.13966669822,70227.7761846486,1503.363482049625,1641.4211652786416,328.6295453988241,345.5240839406123,13684.648991381755,14488.653392280132,39778902730154081040702542746,0,0.4716327542252856
173740,5000,656,3,41.641566265060234,0.59375,40.625,0.003934712911687539,0,0,0,0,128,179,178,129,98943.68375791945,99078.16324829738,-134.4794903779263,-92.10930036949792,64.45276798378845,82.52322781494141,2683.9142089634793,3460.3968296124967,465088311458888831350339790,0,0.4716327542252856
173804,5000,654,2,41.641566265060234,0.5833333333333333,41.666666666666664,0.0,0,0,0,0,79,147,121,105,167695.5138024894,167895.5138024894,-200.0,-195.54288536789895,0,16.773013783523812,0.0,703.3326889455932,25469559463636006508473843610,0,0.4716327542252856
174071,5000,648,2,41.641566265060234,0.5625,43.75,0.0,50,1,0,1,83,161,138,106,120966.46828386947,121216.46828386947,-250.0,-250.0,0,0,0.0,0.0,56951470969303362341785693770,0,0.4716327542252856
174097,5000,647,2,41.641566265060234,0.5625,43.75,0.0,0,0,0,0,160,202,207,155,69448.97075615318,69648.97075615318,-200.0,-200.0,0,0,0.0,0.0,52898555203157912041233812774,0,0.4716327542252856
174226,5000,644,2,41.641566265060234,0.5625,43.75,0.0,0,0,0,0,111,166,149,128,204804.09499170957,205004.09499170957,-200.0,-200.0,0,0,0.0,0.0,40230549865603482217437753311,0,0.4716327542252856
174240,5000,644,2,41.641566265060234,0.5625,43.75,0.0,0,0,0,0,118,182,177,123,87917.89129896856,88117.89129896856,-200.0,-200.0,0,0,0.0,0.0,1437561483993917870704590742,0,0.4716327542252856
174407,5000,639,2,41.641566265060234,0.5729166666666667,42.708333333333336,0.0,0,0,0,0,98,159,136,121,170554.7993953395,170754.7993953395,-200.0,-200.0,0,0,0.0,0.0,78894867897815284329106046542,0,0.4716327542252856
174939,5000,626,2,41.641566265060234,0.48958333333333337,51.041666666666664,0.0,50,1,0,1,87,154,126,115,8225.089709849153,8475.089709849153,-250.0,-200.0,0,0,0.0,0.0,31722945413504177820557345582,0,0.4716327542252856
175174,5000,620,2,41.641566265060234,0.5208333333333333,47.916666666666664,0.0,0,0,0,0,125,183,166,142,397433.7640545634,397633.7640545634,-200.0,-300.0,0,0,0.0,0.0,1884662468827457706361744542,0,0.4716327542252856
175359,5000,616,2,41.641566265060234,0.53125,46.875,0.0,0,0,0,0,104,163,149,118,18483.937554758766,18683.937554758766,-200.0,-200.0,0,0,0.0,0.0,60203156822763896342299193988,0,0.4716327542252856
175516,5000,612,2,41.641566265060234,0.40625,59.375,0.0,0,0,0,0,101,159,145,115,207382.94869943406,207582.94869943406,-200.0,-300.0,0,0,0.0,0.0,15027592822762658068593298560,0,0.4716327542252856
175535,5000,611,2,41.641566265060234,0.5833333333333333,41.666666666666664,0.0,0,0,0,0,114,169,168,115,30908.917907491992,31108.917907491992,-200.0,-195.54288536789895,0,16.773013783523812,0.0,703.3326889455932,74182572154223278526007573888,0,0.4716327542252856
175761,5000,605,3,41.641566265060234,0.59375,40.625,0.003934712911687539,0,0,0,0,102,170,160,112,190682.74617027995,190817.2256606579,-134.4794903779263,-92.10930036949792,64.45276798378845,82.52322781494141,2683.9142089634793,3460.3968296124967,64564890116085907088956620014,0,0.4716327542252856
176340,5000,591,2,41.641566265060234,0.5208333333333333,47.916666666666664,0.0,0,0,0,0,91,148,130,109,7703.144826831649,7903.144826831649,-200.0,-200.0,0,0,0.0,0.0,76189939547531658280774179156,0,0.4716327542252856
176552,5000,586,2,41.641566265060234,0.44791666666666663,55.208333333333336,0.0,0,0,0,0,112,157,157,112,18916.823366104116,19116.823366104116,-200.0,-250.0,0,0,0.0,0.0,55643174496786465449990725536,0,0.4716327542252856
176630,5000,584,2,41.641566265060234,0.5416666666666667,45.833333333333336,0.0,0,0,0,0,120,165,167,118,104739.13034852015,104939.13034852015,-200.0,-300.0,0,0,0.0,0.0,4196860327404878753347987086,0,0.4716327542252856
176963,5000,575,2,41.641566265060234,0.48958333333333337,51.041666666666664,0.0,50,1,0,1,93,148,140,101,32430.899529913724,32680.899529913724,-250.0,-200.0,0,0,0.0,0.0,66536347756553668783569668298,0,0.4716327542252856
177211,5000,569,2,41.641566265060234,0.46875,53.125,0.0,100,1,1,0,68,143,115,96,201514.50958001442,201814.50958001442,-300.0,-200.0,0,0,0.0,0.0,36007620589133660750789713930,0,0.4716327542252856
177267,5000,568,3,41.641566265060234,0.625,37.5,0.016030311862430792,0,0,0,0,113,162,169,106,106101.85362431462,105214.33899272738,887.5146315872416,1040.0691300184274,262.5853510450653,279.7738699091947,10934.46529577719,11731.589251613228,14245261229976766719435067350,0,0.4716327542252856
177474,5000,563,2,41.641566265060234,0.5520833333333333,44.791666666666664,0.0,0,0,0,0,89,151,140,100,71834.08537455327,72034.08537455327,-200.0,-200.0,0,0,0.0,0.0,28439578060578258153206336562,0,0.4716327542252856
177499,5000,562,2,41.641566265060234,0.5,50.0,0.0,50,1,0,1,93,146,139,100,157161.96121067455,157411.96121067455,-250.0,-250.0,0,0,0.0,0.0,14536457126845930789348426378,0,0.4716327542252856
178051,5000,548,3,41.641566265060234,0.59375,40.625,0.003934712911687539,0,0,0,0,110,147,141,116,6787.04440499359,6921.523895371517,-134.4794903779263,-92.10930036949792,64.45276798378845,82.52322781494141,2683.9142089634793,3460.3968296124967,28977800868658164302645673326,0,0.4716327542252856
178956,5000,526,3,41.641566265060234,0.625,37.5,0.016030311862430792,50,1,0,1,98,142,135,105,165072.78890733275,164235.2742757455,837.5146315872416,1040.0691300184274,262.5853510450653,279.7738699091947,10934.46529577719,11731.589251613228,56494795761642216994698994204,0,0.4716327542252856
179260,5000,518,2,41.641566265060234,0.53125,46.875,0.0,50,1,0,1,104,141,137,108,163521.0221178855,163771.0221178855,-250.0,-200.0,0,0,0.0,0.0,49765932628219730078077426498,0,0.4716327542252856
179740,5000,506,2,41.641566265060234,0.5416666666666667,45.833333333333336,0.0,0,0,0,0,84,141,117,108,59939.56310581341,60139.56310581341,-200.0,-250.0,0,0,0.0,0.0,43323445078069757240655882444,0,0.4716327542252856
180165,5000,495,2,41.641566265060234,0.5520833333333333,44.791666666666664,0.0,100,1,1,0,89,134,132,91,29522.39265761849,29822.39265761849,-300.0,-200.0,0,0,0.0,0.0,23130345066350169865902299078,0,0.4716327542252856
180318,5000,492,2,41.641566265060234,0.53125,46.875,0.0,0,0,0,0,85,131,120,96,91765.97944038274,91965.97944038274,-200.0,-200.0,0,0,0.0,0.0,8126056445929972259780406090,0,0.4716327542252856
180626,5000,484,2,41.641566265060234,0.5520833333333333,44.791666666666664,0.0,0,0,0,0,97,142,133,106,118292.61669094115,118492.61669094115,-200.0,-200.0,0,0,0.0,0.0,73954260346766197529619048396,0,0.4716327542252856
180988,5000,475,2,41.641566265060234,0.5520833333333333,44.791666666666664,0.0,100,1,1,0,93,123,126,90,201758.80301063444,202058.80301063444,-300.0,-200.0,0,0,0.0,0.0,33043966794713002648921156700,0,0.4716327542252856
180998,5000,475,2,41.641566265060234,0.48958333333333337,51.041666666666664,0.0,0,0,0,0,80,134,129,85,182513.45237297306,182713.45237297306,-200.0,-300.0,0,0,0.0,0.0,52666673426020462799200908354,0,0.4716327542252856
181031,5000,474,2,41.641566265060234,0.5208333333333333,47.916666666666664,0.0,50,1,0,1,76,120,106,90,107058.81016712224,107308.81016712224,-250.0,-200.0,0,0,0.0,0.0,30695574702648702230277802710,0,0.4716327542252856
181321,5000,466,2,41.641566265060234,0.5104166666666667,48.958333333333336,0.0,0,0,0,0,97,135,135,97,67208.37876358538,67408.37876358538,-200.0,-250.0,0,0,0.0,0.0,44119747146550396855932482692,0,0.4716327542252856
181504,5000,462,2,41.641566265060234,0.5208333333333333,47.916666666666664,0.0,100,1,1,0,91,128,135,84,69480.10968662225,69780.10968662225,-300.0,-200.0,0,0,0.0,0.0,42789192170366840102824963548,0,0.4716327542252856
181530,5000,461,2,41.641566265060234,0.5520833333333333,44.791666666666664,0.0,0,0,0,0,80,132,119,93,21115.448318460254,21315.448318460254,-200.0,-250.0,0,0,0.0,0.0,36679267134020111276263616322,0,0.4716327542252856
181804,5000,454,3,41.641566265060234,0.625,37.5,0.016030311862430792,0,0,0,0,88,126,124,90,99950.4999330882,99062.98530150096,887.5146315872416,1040.0691300184274,262.5853510450653,279.7738699091947,10934.46529577719,11731.589251613228,42633862358684078822080268466,0,0.4716327542252856
182575,5000,435,2,41.641566265060234,0.5416666666666667,45.833333333333336,0.0,0,0,0,0,63,119,106,76,17608.363669131963,17808.363669131963,-200.0,-200.0,0,0,0.0,0.0,24607564155324262900482217566,0,0.4716327542252856
182602,5000,434,2,41.641566265060234,0.5,50.0,0.0,100,1,1,0,69,120,106,83,68564.19022021814,68864.19022021814,-300.0,-250.0,0,0,0.0,0.0,67043778434223825784591491852,0,0.4716327542252856
182603,5000,434,2,41.641566265060234,0.5416666666666667,45.833333333333336,0.0,100,1,1,0,93,134,134,93,137575.14059863234,137875.14059863234,-300.0,-200.0,0,0,0.0,0.0,59486857515869508742774320470,0,0.4716327542252856
182646,5000,433,2,41.641566265060234,0.5833333333333333,41.666666666666664,0.0,0,0,0,0,64,105,105,64,10518.960591381341,10718.960591381341,-200.0,-295.542885367899,0,16.773013783523812,0.0,703.3326889455932,48726485477953271502645727122,0,0.4716327542252856
182769,5000,430,2,41.641566265060234,0.5,50.0,0.0,50,1,0,1,98,121,133,86,67666.6158374192,67916.6158374192,-250.0,-200.0,0,0,0.0,0.0,77919823034876021910780351010,0,0.4716327542252856
182944,5000,426,2,41.641566265060234,0.5416666666666667,45.833333333333336,0.0,0,0,0,0,70,110,102,78,31849.542906333314,32049.542906333314,-200.0,-300.0,0,0,0.0,0.0,6263844450483510465701497818,0,0.4716327542252856
183450,5000,413,2,41.641566265060234,0.5520833333333333,44.791666666666664,0.0,100,1,1,0,81,113,106,88,74940.01466242028,75240.01466242028,-300.0,-200.0,0,0,0.0,0.0,3722963033432549053878615014,0,0.4716327542252856
183511,5000,412,2,41.641566265060234,0.53125,46.875,0.0,0,0,0,0,72,94,106,60,18341.889064680276,18541.889064680276,-200.0,-200.0,0,0,0.0,0.0,63083303581426984164121499780,0,0.4716327542252856
183948,5000,401,2,41.641566265060234,0.5416666666666667,45.833333333333336,0.0,0,0,0,0,89,115,117,87,117561.76795031218,117761.76795031218,-200.0,-200.0,0,0,0.0,0.0,3330339276108925784616916294,0,0.4716327542252856
184056,5000,398,2,41.641566265060234,0.5833333333333333,41.666666666666664,0.0,0,0,0,0,71,118,111,78,77099.836549485,77299.836549485,-200.0,-245.54288536789895,0,16.773013783523812,0.0,703.3326889455932,68891556613261867668218758614,0,0.4716327542252856
184124,5000,396,3,41.641566265060234,0.59375,40.625,0.003934712911687539,100,1,1,0,75,110,104,81,80821.90927008254,81056.38876046047,-234.4794903779263,-92.10930036949792,64.45276798378845,82.52322781494141,2683.9142089634793,3460.3968296124967,38343818333619360153739123678,0,0.4716327542252856
184170,5000,395,3,41.641566265060234,0.59375,40.625,0.003934712911687539,100,1,1,0,59,114,104,69,63878.88854641788,64113.36803679581,-234.4794903779263,-192.10930036949793,64.45276798378845,82.52322781494141,2683.9142089634793,3460.3968296124967,56883187086976791773937642264,0,0.4716327542252856
184339,5000,391,2,41.641566265060234,0.46875,53.125,0.0,0,0,0,0,50,108,92,66,275590.2561858264,275790.2561858264,-200.0,-300.0,0,0,0.0,0.0,9514711040649666104607877374,0,0.4716327542252856
184489,5000,387,2,41.641566265060234,0.5416666666666667,45.833333333333336,0.0,0,0,0,0,86,108,113,81,53493.86140855481,53693.86140855481,-200.0,-200.0,0,0,0.0,0.0,18845700294000346710073908486,0,0.4716327542252856
184594,5000,385,2,41.641566265060234,0.5208333333333333,47.916666666666664,0.0,0,0,0,0,72,110,103,79,127316.56341563887,127516.56341563887,-200.0,-300.0,0,0,0.0,0.0,24418428981886983133651214568,0,0.4716327542252856
184689,5000,382,3,41.641566265060234,0.6145833333333333,38.541666666666664,0.011998445545516382,50,1,0,1,78,107,111,74,45409.840190631854,45050.58233793666,359.2578526951887,525.6967073236663,196.5411566913065,214.02365587777706,8184.281600172626,8974.525110946322,22918766375044901785046001634,0,0.4716327542252856
185186,5000,370,2,41.641566265060234,0.5729166666666667,42.708333333333336,0.0,50,1,0,1,52,97,89,60,81944.47760600106,82194.47760600106,-250.0,-200.0,0,0,0.0,0.0,39709559684970307646946443140,0,0.4716327542252856
185279,5000,368,2,41.641566265060234,0.5208333333333333,47.916666666666664,0.0,0,0,0,0,78,96,102,72,16724.6411768215,16924.6411768215,-200.0,-200.0,0,0,0.0,0.0,12112720631067617496796443920,0,0.4716327542252856
185458,5000,363,3,41.641566265060234,0.65625,34.375,0.02812591081317405,50,1,0,1,51,88,73,66,37554.51340993075,34456.676012245356,3097.8373976853904,2379.752813104314,460.7179341063422,411.2742979720303,19185.016382590904,17245.717532947052,53479720318687072213275409908,0,0.4716327542252856
185485,5000,362,2,41.641566265060234,0.45833333333333337,54.166666666666664,0.0,100,1,1,0,67,106,94,79,221902.15661617075,222202.15661617075,-300.0,-200.0,0,0,0.0,0.0,75938387104191580657769109996,0,0.4716327542252856
185918,5000,352,2,41.641566265060234,0.5,50.0,0.0,0,0,0,0,60,101,80,81,3731.5064736614204,3931.5064736614204,-200.0,-200.0,0,0,0.0,0.0,36040981491001536887311883126,0,0.4716327542252856
185984,5000,350,2,41.641566265060234,0.5625,43.75,0.0,50,1,0,1,56,91,78,69,11430.433042520297,11680.433042520297,-250.0,-200.0,0,0,0.0,0.0,42668793682239919671795757006,0,0.4716327542252856
185997,5000,350,2,41.641566265060234,0.5833333333333333,41.666666666666664,0.0,0,0,0,0,66,114,92,88,98369.18411142011,98569.18411142011,-200.0,-195.54288536789895,0,16.773013783523812,0.0,703.3326889455932,47911710225352311591037282062,0,0.4716327542252856
186028,5000,349,2,41.641566265060234,0.5520833333333333,44.791666666666664,0.0,50,1,0,1,70,93,86,77,46001.03582799698,46251.03582799698,-250.0,-200.0,0,0,0.0,0.0,45045128110098032187702229646,0,0.4716327542252856
186335,5000,341,2,41.641566265060234,0.47916666666666663,52.083333333333336,0.0,0,0,0,0,48,96,82,62,64786.80360800063,64986.80360800063,-200.0,-200.0,0,0,0.0,0.0,10812459971210010138622351270,0,0.4716327542252856
186696,5000,332,2,41.641566265060234,0.48958333333333337,51.041666666666664,0.0,50,1,0,1,66,89,89,66,19856.453888572163,20106.453888572163,-250.0,-200.0,0,0,0.0,0.0,73893601749413371520444074372,0,0.4716327542252856
186901,5000,327,2,41.641566265060234,0.5208333333333333,47.916666666666664,0.0,100,1,1,0,63,94,91,66,42772.56996023079,43072.56996023079,-300.0,-200.0,0,0,0.0,0.0,8825464948915633027585084360,0,0.4716327542252856
187448,5000,313,2,41.641566265060234,0.44791666666666663,55.208333333333336,0.0,0,0,0,0,52,84,69,67,10126.809123229214,10326.809123229214,-200.0,-200.0,0,0,0.0,0.0,57825644208576066109145861789,0,0.4716327542252856
187471,5000,313,3,41.641566265060234,0.59375,40.625,0.003934712911687539,0,0,0,0,72,90,98,64,41467.11141269099,41601.590903068914,-134.4794903779263,-92.10930036949792,64.45276798378845,82.52322781494141,2683.9142089634793,3460.3968296124967,50317165029943613542838548058,0,0.4716327542252856
187503,5000,312,2,41.641566265060234,0.5625,43.75,0.0,0,0,0,0,57,83,88,52,179792.60692503236,179992.60692503236,-200.0,-300.0,0,0,0.0,0.0,24444949647981326612956970644,0,0.4716327542252856
187553,5000,311,2,41.641566265060234,0.5520833333333333,44.791666666666664,0.0,100,1,1,0,53,84,76,61,75359.4841949594,75659.4841949594,-300.0,-200.0,0,0,0.0,0.0,12502030316909416567623026518,0,0.4716327542252856
187566,5000,310,2,41.641566265060234,0.53125,46.875,0.0,0,0,0,0,58,100,90,68,23138.74270813646,23338.74270813646,-200.0,-300.0,0,0,0.0,0.0,43063489719216071823002274310,0,0.4716327542252856
187597,5000,310,3,41.641566265060234,0.59375,40.625,0.003934712911687539,0,0,0,0,63,82,85,60,41808.521845057134,41943.00133543506,-134.4794903779263,-142.10930036949793,64.45276798378845,82.52322781494141,2683.9142089634793,3460.3968296124967,42880934494459356371154218508,0,0.4716327542252856
187830,5000,304,2,41.641566265060234,0.5625,43.75,0.0,50,1,0,1,48,79,77,50,145109.5994508623,145359.5994508623,-250.0,-200.0,0,0,0.0,0.0,69003370201124230643837152774,0,0.4716327542252856
187835,5000,304,2,41.641566265060234,0.47916666666666663,52.083333333333336,0.0,100,1,1,0,66,93,83,76,123251.82893978672,123551.82893978672,-300.0,-200.0,0,0,0.0,0.0,12996588883644379678157955990,0,0.4716327542252856
188114,5000,297,3,41.641566265060234,0.59375,40.625,0.003934712911687539,0,0,0,0,72,94,99,67,35618.14712032879,35752.62661070671,-134.4794903779263,-192.10930036949793,64.45276798378845,82.52322781494141,2683.9142089634793,3460.3968296124967,3395131035964364938258628558,0,0.4716327542252856
188491,5000,287,2,41.641566265060234,0.5104166666666667,48.958333333333336,0.0,0,0,0,0,48,83,73,58,55429.178437016584,55629.178437016584,-200.0,-200.0,0,0,0.0,0.0,73160290108979137849591967118,0,0.4716327542252856
188757,5000,281,2,41.641566265060234,0.53125,46.875,0.0,0,0,0,0,49,72,64,57,36325.02794209001,36525.02794209001,-200.0,-250.0,0,0,0.0,0.0,28349027564634062516316905411,0,0.4716327542252856
188911,5000,277,2,41.641566265060234,0.48958333333333337,51.041666666666664,0.0,0,0,0,0,44,80,70,54,14806.982475458139,15006.982475458139,-200.0,-300.0,0,0,0.0,0.0,48406302535218107879529099974,0,0.4716327542252856
189106,5000,272,2,41.641566265060234,0.5625,43.75,0.0,0,0,0,0,50,83,69,64,6516.233001009388,6716.233001009388,-200.0,-200.0,0,0,0.0,0.0,5264245577901296881382965006,0,0.4716327542252856
189121,5000,271,2,41.641566265060234,0.5104166666666667,48.958333333333336,0.0,0,0,0,0,53,73,75,51,75995.69043324715,76195.69043324715,-200.0,-200.0,0,0,0.0,0.0,17851940446332191649890404206,0,0.4716327542252856
189400,5000,265,2,41.641566265060234,0.5729166666666667,42.708333333333336,0.0,0,0,0,0,35,76,56,55,5341.6253317032515,5541.6253317032515,-200.0,-200.0,0,0,0.0,0.0,4721386863972516100661346254,0,0.4716327542252856
189410,5000,264,2,41.641566265060234,0.5104166666666667,48.958333333333336,0.0,100,1,1,0,34,78,57,55,51795.0350476331,52095.0350476331,-300.0,-200.0,0,0,0.0,0.0,31451871740355564001396505230,0,0.4716327542252856
190566,5000,235,2,41.641566265060234,0.5625,43.75,0.0,100,1,1,0,38,69,60,47,54496.95889644875,54796.95889644875,-300.0,-200.0,0,0,0.0,0.0,10638961975705948391073684438,0,0.4716327542252856
191034,5000,224,2,41.641566265060234,0.53125,46.875,0.0,0,0,0,0,53,71,66,58,10825.124084750445,11025.124084750445,-200.0,-200.0,0,0,0.0,0.0,6006389143297024380539506662,0,0.4716327542252856
191067,5000,223,2,41.641566265060234,0.5208333333333333,47.916666666666664,0.0,0,0,0,0,43,73,61,55,8399.472121009096,8599.472121009096,-200.0,-200.0,0,0,0.0,0.0,69997891164240024344912932428,0,0.4716327542252856
191256,5000,218,2,41.641566265060234,0.5729166666666667,42.708333333333336,0.0,100,1,1,0,58,67,65,60,21903.4699844488,22203.4699844488,-300.0,-300.0,0,0,0.0,0.0,73333898365303360002433644588,0,0.4716327542252856
191335,5000,216,2,41.641566265060234,0.53125,46.875,0.0,0,0,0,0,47,65,71,41,39284.33006222875,39484.33006222875,-200.0,-250.0,0,0,0.0,0.0,45993133126658648149173451398,0,0.4716327542252856
191637,5000,209,3,41.641566265060234,0.59375,40.625,0.003934712911687539,0,0,0,0,34,71,52,53,3702.547134053533,3837.026624431459,-134.4794903779263,-92.10930036949792,64.45276798378845,82.52322781494141,2683.9142089634793,3460.3968296124967,13690344682017975399686483844,0,0.4716327542252856
192485,5000,187,2,41.641566265060234,0.53125,46.875,0.0,0,0,0,0,33,50,43,40,21779.9918538998,21979.9918538998,-200.0,-300.0,0,0,0.0,0.0,15964275516779586211650764778,0,0.4716327542252856
192643,5000,183,2,41.641566265060234,0.47916666666666663,52.083333333333336,0.0,0,0,0,0,31,58,57,32,7646.787489356946,7846.787489356946,-200.0,-200.0,0,0,0.0,0.0,32334429444176163311175691584,0,0.4716327542252856
192672,5000,183,2,41.641566265060234,0.5104166666666667,48.958333333333336,0.0,0,0,0,0,37,54,55,36,3329.8900136345183,3529.8900136345183,-200.0,-300.0,0,0,0.0,0.0,73838311065575426732919233614,0,0.4716327542252856
192683,5000,182,2,41.641566265060234,0.5208333333333333,47.916666666666664,0.0,100,1,1,0,32,63,50,45,45358.84963920132,45658.84963920132,-300.0,-300.0,0,0,0.0,0.0,13651647950964452372679966990,0,0.4716327542252856
192728,5000,181,2,41.641566265060234,0.5208333333333333,47.916666666666664,0.0,0,0,0,0,43,61,54,50,40001.54605567408,40201.54605567408,-200.0,-200.0,0,0,0.0,0.0,29870481617897259247651605087,0,0.4716327542252856
193226,5000,169,2,41.641566265060234,0.5833333333333333,41.666666666666664,0.0,100,1,1,0,38,57,53,42,52664.033928433164,52964.033928433164,-300.0,-250.0,0,0,0.0,0.0,47946524081405466919181731736,0,0.4716327542252856
193266,5000,168,2,41.641566265060234,0.5729166666666667,42.708333333333336,0.0,100,1,1,0,38,54,52,40,97615.57665766137,97915.57665766137,-300.0,-300.0,0,0,0.0,0.0,12496763861046849235372997902,0,0.4716327542252856
193298,5000,167,2,41.641566265060234,0.5625,43.75,0.0,0,0,0,0,34,55,51,38,115999.40061483641,116199.40061483641,-200.0,-300.0,0,0,0.0,0.0,31776931045279495986371497810,0,0.4716327542252856
193786,5000,155,2,41.641566265060234,0.53125,46.875,0.0,0,0,0,0,38,54,54,38,5588.847613733313,5788.847613733313,-200.0,-200.0,0,0,0.0,0.0,57782125264411683755383510490,0,0.4716327542252856
193987,5000,150,2,41.641566265060234,0.5833333333333333,41.666666666666664,0.0,0,0,0,0,33,43,41,35,90987.96706380731,91187.96706380731,-200.0,-195.54288536789895,0,16.773013783523812,0.0,703.3326889455932,4616005584116373787577596962,0,0.4716327542252856
194310,5000,142,2,41.641566265060234,0.5208333333333333,47.916666666666664,0.0,0,0,0,0,29,53,49,33,61011.147223253356,61211.147223253356,-200.0,-200.0,0,0,0.0,0.0,54436046697249239142467680019,0,0.4716327542252856
194354,5000,141,3,41.641566265060234,0.6145833333333333,38.541666666666664,0.011998445545516382,50,1,0,1,33,47,45,35,224764.53877966772,224405.28092697254,359.2578526951887,425.69670732366626,196.5411566913065,214.02365587777706,8184.281600172626,8974.525110946322,11627449993396047272333687992,0,0.4716327542252856
194366,5000,140,2,41.641566265060234,0.5520833333333333,44.791666666666664,0.0,0,0,0,0,38,44,46,36,10732.463390220788,10932.463390220788,-200.0,-300.0,0,0,0.0,0.0,34300872410679122395706250730,0,0.4716327542252856
194384,5000,140,3,41.641566265060234,0.6041666666666667,39.583333333333336,0.007966579228601948,0,0,0,0,33,48,48,33,137739.4417493879,137670.84860401443,68.59314537346455,48.30389719435618,130.49696233754725,148.27344184635902,5434.097904568043,6217.460970279401,54101081711204236248956799018,0,0.4716327542252856
194416,5000,139,2,41.641566265060234,0.5208333333333333,47.916666666666664,0.0,0,0,0,0,32,45,38,39,28782.319510892994,28982.319510892994,-200.0,-250.0,0,0,0.0,0.0,18085024196939189506199830147,0,0.4716327542252856
194439,5000,139,3,41.641566265060234,0.6770833333333333,32.291666666666664,0.03618964344700289,0,0,0,0,34,48,49,33,108337.64276414536,102994.96316454289,5342.67959960248,5666.625431974045,592.8063228138602,608.5249400662835,24685.383773800047,25516.909954947783,49165267038572036430985324698,0,0.4716327542252856
194443,5000,138,2,41.641566265060234,0.5625,43.75,0.0,0,0,0,0,35,50,52,33,11517.38702101338,11717.38702101338,-200.0,-300.0,0,0,0.0,0.0,39783614962169251405828436178,0,0.4716327542252856
194565,5000,135,2,41.641566265060234,0.5104166666666667,48.958333333333336,0.0,100,1,1,0,23,43,34,32,6573.4335094408125,6873.4335094408125,-300.0,-300.0,0,0,0.0,0.0,51396846202300859673358993430,0,0.4716327542252856
194583,5000,135,2,41.641566265060234,0.5833333333333333,41.666666666666664,0.0,0,0,0,0,23,45,39,29,6649.372469455513,6849.372469455513,-200.0,-295.542885367899,0,16.773013783523812,0.0,703.3326889455932,7113633014676120775762671121,0,0.4716327542252856
194785,5000,130,2,41.641566265060234,0.5416666666666667,45.833333333333336,0.0,0,0,0,0,32,48,47,33,2628.6717414181003,2828.6717414181003,-200.0,-200.0,0,0,0.0,0.0,71141766432760665465753761950,0,0.4716327542252856
194953,5000,126,3,41.641566265060234,0.6458333333333333,35.416666666666664,0.02409404449625964,100,1,1,0,37,44,52,29,6710.703105410348,4553.898701328004,2156.8044040823447,1591.4211652786416,394.6737397525834,345.5240839406123,16434.832686986338,14488.653392280132,64103889478143032122177774838,0,0.4716327542252856
194978,5000,125,2,41.641566265060234,0.5520833333333333,44.791666666666664,0.0,0,0,0,0,30,44,43,31,18960.593858034594,19160.593858034594,-200.0,-200.0,0,0,0.0,0.0,41488332449975791061798271962,0,0.4716327542252856
194987,5000,125,3,41.641566265060234,0.6354166666666667,36.458333333333336,0.020062178179345202,50,1,0,1,31,43,37,37,151916.4807140818,150463.11723203215,1453.363482049625,940.0691300184274,328.6295453988241,279.7738699091947,13684.648991381755,11731.589251613228,34048427310242475852019416086,0,0.4716327542252856
195018,5000,124,3,41.641566265060234,0.59375,40.625,0.003934712911687539,0,0,0,0,31,42,41,32,31153.601628902226,31288.081119280152,-134.4794903779263,-192.10930036949793,64.45276798378845,82.52322781494141,2683.9142089634793,3460.3968296124967,13900793999182159766574687950,0,0.4716327542252856
195097,5000,122,3,41.641566265060234,0.6458333333333333,35.416666666666664,0.02409404449625964,100,1,1,0,38,47,51,34,251340.12472948295,249183.3203254006,2156.8044040823447,2379.752813104314,394.6737397525834,411.2742979720303,16434.832686986338,17245.717532947052,3185993073727949012287988742,0,0.4716327542252856
195139,5000,121,3,41.641566265060234,0.59375,40.625,0.003934712911687539,50,1,0,1,34,33,40,27,147276.5979960681,147461.07748644604,-184.4794903779263,-295.542885367899,64.45276798378845,16.773013783523812,2683.9142089634793,703.3326889455932,54127626031149306863481920254,0,0.4716327542252856
195183,5000,120,2,41.641566265060234,0.46875,53.125,0.0,50,1,0,1,27,38,35,30,142676.57772622636,142926.57772622636,-250.0,-200.0,0,0,0.0,0.0,72105864823749558852783750806,0,0.4716327542252856
195220,5000,119,2,41.641566265060234,0.53125,46.875,0.0,0,0,0,0,28,46,42,32,250586.81141994768,250786.81141994768,-200.0,-200.0,0,0,0.0,0.0,10759867573868044331113438278,0,0.4716327542252856
195290,5000,117,2,41.641566265060234,0.5104166666666667,48.958333333333336,0.0,0,0,0,0,18,41,32,27,67899.79051597079,68099.79051597079,-200.0,-300.0,0,0,0.0,0.0,1784421405432508061683124998,0,0.4716327542252856
195293,5000,117,2,41.641566265060234,0.5,50.0,0.0,50,1,0,1,21,40,34,27,235256.32854676768,235506.32854676768,-250.0,-300.0,0,0,0.0,0.0,53826320862875402071391178522,0,0.4716327542252856
195388,5000,115,2,41.641566265060234,0.5520833333333333,44.791666666666664,0.0,0,0,0,0,22,36,30,28,77816.96265103194,78016.96265103194,-200.0,-200.0,0,0,0.0,0.0,50876849077955940253262147324,0,0.4716327542252856
195478,5000,113,2,41.641566265060234,0.5,50.0,0.0,0,0,0,0,22,40,37,25,31000.427081467256,31200.427081467256,-200.0,-250.0,0,0,0.0,0.0,12518497530891981223508304402,0,0.4716327542252856
195532,5000,111,2,41.641566265060234,0.47916666666666663,52.083333333333336,0.0,0,0,0,0,28,33,32,29,52598.3838975137,52798.3838975137,-200.0,-300.0,0,0,0.0,0.0,1168741118311651150079030864,0,0.4716327542252856
195546,5000,111,2,41.641566265060234,0.5729166666666667,42.708333333333336,0.0,0,0,0,0,25,40,37,28,66850.27477005737,67050.27477005737,-200.0,-200.0,0,0,0.0,0.0,52870239803287965738213355374,0,0.4716327542252856
195606,5000,109,2,41.641566265060234,0.5625,43.75,0.0,0,0,0,0,32,38,41,29,57232.30360973146,57432.30360973146,-200.0,-200.0,0,0,0.0,0.0,3068082665477517693038040270,0,0.4716327542252856
195607,5000,109,3,41.641566265060234,0.59375,40.625,0.003934712911687539,0,0,0,0,24,42,36,30,40478.19974339177,40612.6792337697,-134.4794903779263,-92.10930036949792,64.45276798378845,82.52322781494141,2683.9142089634793,3460.3968296124967,63997919199553301917724913040,0,0.4716327542252856
195699,5000,107,2,41.641566265060234,0.46875,53.125,0.0,0,0,0,0,16,40,32,24,19800.599432598698,20000.599432598698,-200.0,-200.0,0,0,0.0,0.0,64039657677835767995516239457,0,0.4716327542252856
195722,5000,106,2,41.641566265060234,0.5104166666666667,48.958333333333336,0.0,50,1,0,1,30,41,42,29,52703.91529632377,52953.91529632377,-250.0,-300.0,0,0,0.0,0.0,19415753012928867740097323591,0,0.4716327542252856
195742,5000,106,2,41.641566265060234,0.5416666666666667,45.833333333333336,0.0,0,0,0,0,27,39,37,29,1633.3783430891417,1833.3783430891417,-200.0,-200.0,0,0,0.0,0.0,3378317428328978795514140374,0,0.4716327542252856
195955,5000,101,3,41.641566265060234,0.6145833333333333,38.541666666666664,0.011998445545516382,0,0,0,0,19,38,28,29,147593.5548318371,147184.29697914192,409.2578526951887,525.6967073236663,196.5411566913065,214.02365587777706,8184.281600172626,8974.525110946322,44262875110067815244208614918,0,0.4716327542252856
196124,5000,96,2,41.641566265060234,0.53125,46.875,0.0,50,1,0,1,33,45,45,33,1093.4885456389457,1343.4885456389457,-250.0,-200.0,0,0,0.0,0.0,61092375757210670980540899522,0,0.4716327542252856
196319,5000,92,3,41.641566265060234,0.6770833333333333,32.291666666666664,0.03618964344700289,100,1,1,0,25,32,29,28,62855.87138080293,57613.19178120045,5242.67959960248,5666.625431974045,592.8063228138602,608.5249400662835,24685.383773800047,25516.909954947783,11945940177352977061600507870,0,0.4716327542252856
196437,5000,89,3,41.641566265060234,0.59375,40.625,0.003934712911687539,0,0,0,0,23,34,33,24,74784.74592346107,74919.225413839,-134.4794903779263,-92.10930036949792,64.45276798378845,82.52322781494141,2683.9142089634793,3460.3968296124967,46593548966391456136892062470,0,0.4716327542252856
196639,5000,84,2,41.641566265060234,0.53125,46.875,0.0,0,0,0,0,23,36,31,28,66270.67849189315,66470.67849189315,-200.0,-200.0,0,0,0.0,0.0,2308927362101394157202946258,0,0.4716327542252856
196648,5000,83,3,41.641566265060234,0.59375,40.625,0.003934712911687539,0,0,0,0,24,30,30,24,122407.62023095122,122542.09972132914,-134.4794903779263,-92.10930036949792,64.45276798378845,82.52322781494141,2683.9142089634793,3460.3968296124967,519103779707120880531996346,0,0.4716327542252856
196682,5000,82,2,41.641566265060234,0.5,50.0,0.0,0,0,0,0,25,35,34,26,11529.752016147511,11729.752016147511,-200.0,-250.0,0,0,0.0,0.0,37622178011134910266966976347,0,0.4716327542252856
196691,5000,82,2,41.641566265060234,0.5104166666666667,48.958333333333336,0.0,100,1,1,0,24,29,33,20,8379.521708186598,8679.521708186598,-300.0,-200.0,0,0,0.0,0.0,63092349166095863723677924131,0,0.4716327542252856
196735,5000,81,3,41.641566265060234,0.625,37.5,0.016030311862430792,0,0,0,0,27,34,34,27,17862.065137998827,16974.550506411586,887.5146315872416,990.0691300184274,262.5853510450653,279.7738699091947,10934.46529577719,11731.589251613228,39793413265583824946943651711,0,0.4716327542252856
196890,5000,77,3,41.641566265060234,0.6145833333333333,38.541666666666664,0.011998445545516382,100,1,1,0,18,31,27,22,68033.87090653884,67724.61305384366,309.2578526951887,525.6967073236663,196.5411566913065,214.02365587777706,8184.281600172626,8974.525110946322,46536161483373344249248628508,0,0.4716327542252856
196915,5000,77,2,41.641566265060234,0.5625,43.75,0.0,100,1,1,0,24,29,27,26,279.2779992887372,579.2779992887372,-300.0,-200.0,0,0,0.0,0.0,14320090161784543028666119479,0,0.4716327542252856
196999,5000,75,2,41.641566265060234,0.44791666666666663,55.208333333333336,0.0,50,1,0,1,15,31,22,24,38417.692958828084,38667.692958828084,-250.0,-300.0,0,0,0.0,0.0,37087780987705910202655815196,0,0.4716327542252856
197035,5000,74,2,41.641566265060234,0.5520833333333333,44.791666666666664,0.0,50,1,0,1,31,33,31,33,41047.36024548409,41297.36024548409,-250.0,-250.0,0,0,0.0,0.0,45144984212519850790922113558,0,0.4716327542252856
197128,5000,71,2,41.641566265060234,0.5520833333333333,44.791666666666664,0.0,100,1,1,0,19,32,29,22,130601.56002364215,130901.56002364215,-300.0,-300.0,0,0,0.0,0.0,40784390449618004602495629966,0,0.4716327542252856
197174,5000,70,3,41.641566265060234,0.6145833333333333,38.541666666666664,0.011998445545516382,100,1,1,0,23,32,32,23,82579.36125149962,82270.10339880444,309.2578526951887,525.6967073236663,196.5411566913065,214.02365587777706,8184.281600172626,8974.525110946322,41661425020674229913810353814,0,0.4716327542252856
197178,5000,70,2,41.641566265060234,0.5208333333333333,47.916666666666664,0.0,0,0,0,0,19,33,28,24,33817.727413594155,34017.727413594155,-200.0,-250.0,0,0,0.0,0.0,16875485609491889490679954986,0,0.4716327542252856
197236,5000,69,2,41.641566265060234,0.5416666666666667,45.833333333333336,0.0,0,0,0,0,20,29,25,24,81297.16584280529,81497.16584280529,-200.0,-200.0,0,0,0.0,0.0,60388727771356915808542092882,0,0.4716327542252856
197369,5000,65,3,41.641566265060234,0.6041666666666667,39.583333333333336,0.007966579228601948,0,0,0,0,15,31,24,22,95732.69779146044,95664.10464608697,68.59314537346455,48.30389719435618,130.49696233754725,148.27344184635902,5434.097904568043,6217.460970279401,4899638387957237527044882196,0,0.4716327542252856
197370,5000,65,2,41.641566265060234,0.53125,46.875,0.0,0,0,0,0,14,33,24,23,40642.134338346696,40842.134338346696,-200.0,-250.0,0,0,0.0,0.0,17181737011427567962573627385,0,0.4716327542252856
197460,5000,63,2,41.641566265060234,0.48958333333333337,51.041666666666664,0.0,50,1,0,1,20,23,25,18,4238.444568997533,4488.444568997533,-250.0,-200.0,0,0,0.0,0.0,30975667757961912448065846804,0,0.4716327542252856
197502,5000,62,2,41.641566265060234,0.5729166666666667,42.708333333333336,0.0,100,1,1,0,19,28,24,23,24987.114855010765,25287.114855010765,-300.0,-300.0,0,0,0.0,0.0,66467114088433779530339465924,0,0.4716327542252856
197610,5000,59,3,41.641566265060234,0.6145833333333333,38.541666666666664,0.011998445545516382,50,1,0,1,20,26,30,16,20851.215272542584,20491.957419847397,359.2578526951887,525.6967073236663,196.5411566913065,214.02365587777706,8184.281600172626,8974.525110946322,46970749169856615941148360462,0,0.4716327542252856
197645,5000,58,2,41.641566265060234,0.5208333333333333,47.916666666666664,0.0,100,1,1,0,19,30,28,21,439.3776330172532,739.3776330172532,-300.0,-250.0,0,0,0.0,0.0,36968067505144427385612308036,0,0.4716327542252856
197756,5000,56,2,41.641566265060234,0.5,50.0,0.0,100,1,1,0,18,24,24,18,25367.952735325554,25667.952735325554,-300.0,-200.0,0,0,0.0,0.0,2348521533157632123200461958,0,0.4716327542252856
197787,5000,55,2,41.641566265060234,0.5520833333333333,44.791666666666664,0.0,50,1,0,1,19,24,22,21,90778.9262182567,91028.9262182567,-250.0,-250.0,0,0,0.0,0.0,30587198679707585302071127618,0,0.4716327542252856
197806,5000,54,3,41.641566265060234,0.59375,40.625,0.003934712911687539,100,1,1,0,15,22,21,16,3970.561944924167,4205.041435302093,-234.4794903779263,-195.54288536789895,64.45276798378845,16.773013783523812,2683.9142089634793,703.3326889455932,15993967338358131166795007107,0,0.4716327542252856
197841,5000,53,2,41.641566265060234,0.5729166666666667,42.708333333333336,0.0,0,0,0,0,22,25,25,22,2569.7065033557583,2769.7065033557583,-200.0,-200.0,0,0,0.0,0.0,11407821270292626047466924567,0,0.4716327542252856
197865,5000,53,3,41.641566265060234,0.6458333333333333,35.416666666666664,0.02409404449625964,100,1,1,0,17,27,22,22,49291.3312292864,47134.526825204055,2156.8044040823447,2479.752813104314,394.6737397525834,411.2742979720303,16434.832686986338,17245.717532947052,31593421892242653330224185162,0,0.4716327542252856
197949,5000,51,2,41.641566265060234,0.5,50.0,0.0,0,0,0,0,17,25,23,19,20406.882049109972,20606.882049109972,-200.0,-200.0,0,0,0.0,0.0,78223411912360563946795274829,0,0.4716327542252856
198069,5000,48,3,41.641566265060234,0.6041666666666667,39.583333333333336,0.007966579228601948,100,1,1,0,19,20,24,15,176214.8654578116,176246.27231243814,-31.40685462653545,-92.10930036949792,130.49696233754725,82.52322781494141,5434.097904568043,3460.3968296124967,31061342327852213920229657754,0,0.4716327542252856
198116,5000,47,2,41.641566265060234,0.53125,46.875,0.0,0,0,0,0,16,27,23,20,5865.376058601712,6065.376058601712,-200.0,-300.0,0,0,0.0,0.0,29910667030569943274982723202,0,0.4716327542252856
198411,5000,39,2,41.641566265060234,0.5833333333333333,41.666666666666664,0.0,50,1,0,1,22,22,21,23,46955.300955496525,47205.300955496525,-250.0,-295.542885367899,0,16.773013783523812,0.0,703.3326889455932,20974570915613402409334640534,0,0.4716327542252856
198556,5000,36,2,41.641566265060234,0.53125,46.875,0.0,0,0,0,0,16,24,23,17,2789.654849331454,2989.654849331454,-200.0,-200.0,0,0,0.0,0.0,14179848725012826110277753761,0,0.4716327542252856
198729,5000,31,2,41.641566265060234,0.5833333333333333,41.666666666666664,0.0,0,0,0,0,17,19,19,17,1165.4400473933665,1365.4400473933665,-200.0,-295.542885367899,0,16.773013783523812,0.0,703.3326889455932,14566662401807589833778998155,0,0.4716327542252856
199175,5000,20,2,41.641566265060234,0.5520833333333333,44.791666666666664,0.0,50,1,0,1,14,17,16,15,6825.003574578375,7075.003574578375,-250.0,-200.0,0,0,0.0,0.0,40784231936350624318120641426,0,0.4716327542252856
199186,5000,20,2,41.641566265060234,0.5833333333333333,41.666666666666664,0.0,50,1,0,1,14,15,16,13,13066.341873348316,13316.341873348316,-250.0,-195.54288536789895,0,16.773013783523812,0.0,703.3326889455932,13731532708084053906670911986,0,0.4716327542252856
199216,5000,19,2,41.641566265060234,0.5729166666666667,42.708333333333336,0.0,0,0,0,0,13,14,14,13,8524.814366887356,8724.814366887356,-200.0,-200.0,0,0,0.0,0.0,40941588136902534210206751128,0,0.4716327542252856
199232,5000,19,3,41.641566265060234,0.6875,31.25,0.0402215097639173,50,1,0,1,13,19,19,13,60632.823383504794,54036.33457558828,6596.488807916518,6952.875530061526,658.850517167619,674.2751540977011,27435.567469404614,28273.974095614685,49088394300825373079384903454,0,0.4716327542252856
199242,5000,18,3,41.641566265060234,0.59375,40.625,0.003934712911687539,100,1,1,0,14,16,15,15,856.2810471216678,1090.7605374995942,-234.4794903779263,-295.542885367899,64.45276798378845,16.773013783523812,2683.9142089634793,703.3326889455932,43365684948909829860820476170,0,0.4716327542252856
199258,5000,18,2,41.641566265060234,0.5729166666666667,42.708333333333336,0.0,50,1,0,1,11,17,17,11,59616.651621656434,59866.651621656434,-250.0,-200.0,0,0,0.0,0.0,1421004852027548710567968723,0,0.4716327542252856
199295,5000,17,3,41.641566265060234,0.6354166666666667,36.458333333333336,0.020062178179345202,0,0,0,0,13,13,12,14,8093.941587602638,6590.578105553012,1503.363482049625,1591.4211652786416,328.6295453988241,345.5240839406123,13684.648991381755,14488.653392280132,26189428756274185202911704447,0,0.4716327542252856
199297,5000,17,3,41.641566265060234,0.625,37.5,0.016030311862430792,0,0,0,0,12,17,17,12,34162.84645219072,33275.33182060348,887.5146315872416,1040.0691300184274,262.5853510450653,279.7738699091947,10934.46529577719,11731.589251613228,59582471037726762780553168598,0,0.4716327542252856
199308,5000,17,2,41.641566265060234,0.5104166666666667,48.958333333333336,0.0,0,0,0,0,13,15,15,13,1099.8728834453427,1299.8728834453427,-200.0,-200.0,0,0,0.0,0.0,53284621140812350486814277123,0,0.4716327542252856
199336,5000,16,3,41.641566265060234,0.59375,40.625,0.003934712911687539,0,0,0,0,13,14,13,14,-118.44190682898291,16.037583548943402,-134.4794903779263,-92.10930036949792,64.45276798378845,82.52322781494141,2683.9142089634793,3460.3968296124967,53254787160616848045621465603,0,0.4716327542252856
199376,5000,15,3,41.641566265060234,0.6354166666666667,36.458333333333336,0.020062178179345202,50,1,0,1,13,16,15,14,18594.193568732993,17140.830086683367,1453.363482049625,1691.4211652786416,328.6295453988241,345.5240839406123,13684.648991381755,14488.653392280132,76379041446931160647114205724,0,0.4716327542252856
199479,5000,13,3,41.641566265060234,0.6041666666666667,39.583333333333336,0.007966579228601948,0,0,0,0,11,14,14,11,12842.49371706449,12773.900571691025,68.59314537346455,48.30389719435618,130.49696233754725,148.27344184635902,5434.097904568043,6217.460970279401,15510528514930464783545564816,0,0.4716327542252856
199504,5000,12,3,41.641566265060234,0.59375,40.625,0.003934712911687539,50,1,0,1,13,11,12,12,2692.6917432375976,2877.1712336155238,-184.4794903779263,-245.54288536789895,64.45276798378845,16.773013783523812,2683.9142089634793,703.3326889455932,44814210168670137154008988541,0,0.4716327542252856
199508,5000,12,3,41.641566265060234,0.6145833333333333,38.541666666666664,0.011998445545516382,50,1,0,1,11,14,12,13,34053.32089798022,33694.06304528503,359.2578526951887,525.6967073236663,196.5411566913065,214.02365587777706,8184.281600172626,8974.525110946322,51465783265489625325698754456,0,0.4716327542252856
199522,5000,11,2,41.641566265060234,0.5,50.0,0.0,0,0,0,0,10,12,10,12,7623.166499142466,7823.166499142466,-200.0,-200.0,0,0,0.0,0.0,11227564468595480283161689378,0,0.4716327542252856
199569,5000,10,2,41.641566265060234,0.53125,46.875,0.0,0,0,0,0,12,13,14,11,82.81118246562983,282.8111824656298,-200.0,-250.0,0,0,0.0,0.0,26880089092669806072109884218,0,0.4716327542252856
199637,5000,9,3,41.641566265060234,0.625,37.5,0.016030311862430792,0,0,0,0,12,16,15,13,9090.239732422106,8202.725100834865,887.5146315872416,940.0691300184274,262.5853510450653,279.7738699091947,10934.46529577719,11731.589251613228,8955043399639364689452019097,0,0.4716327542252856
199663,5000,8,3,41.641566265060234,0.625,37.5,0.016030311862430792,50,1,0,1,12,14,15,11,6316.832639160427,5479.318007573185,837.5146315872416,990.0691300184274,262.5853510450653,279.7738699091947,10934.46529577719,11731.589251613228,43145828825516463398978517276,0,0.4716327542252856
199722,5000,6,3,41.641566265060234,0.6458333333333333,35.416666666666664,0.02409404449625964,0,0,0,0,12,12,14,10,7957.392970649324,5700.588566566979,2256.8044040823447,2429.752813104314,394.6737397525834,411.2742979720303,16434.832686986338,17245.717532947052,44150429178840096428795922872,0,0.4716327542252856
199742,5000,6,2,41.641566265060234,0.5833333333333333,41.666666666666664,0.0,0,0,0,0,11,12,12,11,1806.668019166759,2006.668019166759,-200.0,-245.54288536789895,0,16.773013783523812,0.0,703.3326889455932,78777692686412654017044847568,0,0.4716327542252856
199874,5000,3,3,41.641566265060234,0.59375,40.625,0.003934712911687539,0,0,0,0,10,11,10,11,1102.2082785710031,1236.6877689489295,-134.4794903779263,-192.10930036949793,64.45276798378845,82.52322781494141,2683.9142089634793,3460.3968296124967,49495449272199035847283005584,0,0.4716327542252856
199964,5000,0,3,41.641566265060234,0.625,37.5,0.016030311862430792,0,0,0,0,10,10,10,10,887.5146315872416,0,887.5146315872416,0,262.5853510450653,0,10934.46529577719,0,45626290165986606743778143687,0,0.4716327542252856
199987,5000,0,3,41.641566265060234,0.625,37.5,0.016030311862430792,0,0,0,0,10,10,10,10,887.5146315872416,0,887.5146315872416,0,262.5853510450653,0,10934.46529577719,0,56886324656789629101322800478,0,0.4716327542252856
199993,5000,0,3,41.641566265060234,0.6041666666666667,39.583333333333336,0.007966579228601948,0,0,0,0,10,10,10,10,68.59314537346455,0,68.59314537346455,0,130.49696233754725,0,5434.097904568043,0,70561552220202366241025551711,0,0.4716327542252856
199994,5000,0,3,41.641566265060234,0.6041666666666667,39.583333333333336,0.007966579228601948,0,0,0,0,10,10,10,10,68.59314537346455,0,68.59314537346455,0,130.49696233754725,0,5434.097904568043,0,3323031700491058801962380502,0,0.4716327542252856
