firm_id,period,age,status,price,prox_opt_tech,mc,mkt_share,inv_res,researching,innovating,imitating,attraction_res,attraction_no_res,attraction_inn,attraction_imi,wealth,previous_wealth,profits,previous_profits,output,previous_output,revenues,previous_revenues,technology
15,2100,2099,3,39.77272727272727,0.6041666666666667,39.583333333333336,0.0007278020378456995,0,0,0,0,265,503,448,320,41700.82956438091,41899.70830116919,-198.87873678827947,-296.5031483972141,5.920269757884486,10.490554808357764,235.46527446131478,418.74797943361415,62961301013969075067924728518
41,2100,2098,3,39.77272727272727,0.6458333333333333,35.416666666666664,0.01673944687045125,100,1,1,0,284,528,477,335,727193.2000113726,726900.0517723724,293.1482390001754,437.3012046077316,136.1662044313445,141.62248991282902,5415.701312610293,5653.097722353759,64024051151317744269747019158
47,2100,2098,3,39.77272727272727,0.6145833333333333,38.541666666666664,0.004730713245997101,50,1,0,1,276,555,472,359,329291.25615157397,329493.88278087875,-202.62662930480624,-140.4988844463456,38.481753426249604,43.273538584475695,1530.5242839985638,1727.335415163655,59834963486331204234078834630
50,2100,2098,2,39.77272727272727,0.5208333333333333,47.916666666666664,0.0,0,0,0,0,252,519,411,360,217600.77208549506,217800.77208549506,-200.0,-300.0,0,0,0.0,0.0,59665116378737285516279912950
185,2100,2095,3,39.77272727272727,0.6145833333333333,38.541666666666664,0.004730713245997101,0,0,0,0,264,515,428,351,247137.05125737414,247289.67788667895,-152.62662930480624,-140.4988844463456,38.481753426249604,43.273538584475695,1530.5242839985638,1727.335415163655,25464355828207208391268830548
286,2100,2092,3,39.77272727272727,0.6145833333333333,38.541666666666664,0.004730713245997101,50,1,0,1,275,497,445,327,311546.4962742727,311749.12290357746,-202.62662930480624,-140.4988844463456,38.481753426249604,43.273538584475695,1530.5242839985638,1727.335415163655,75223322710184732332838083216
451,2100,2088,2,39.77272727272727,0.42708333333333337,57.291666666666664,0.0,0,0,0,0,192,464,366,290,98903.43134747123,99103.43134747123,-200.0,-200.0,0,0,0.0,0.0,5656660119881210244037540582
839,2100,2079,3,39.77272727272727,0.6041666666666667,39.583333333333336,0.0007278020378456995,0,0,0,0,247,501,411,337,65265.78967070386,65464.668407492136,-198.87873678827947,-196.50314839721406,5.920269757884486,10.490554808357764,235.46527446131478,418.74797943361415,64651658084249268309520236808
2035,2100,2049,3,39.77272727272727,0.6666666666666667,33.333333333333336,0.024745269286754,0,0,0,0,227,444,365,306,156081.42418292526,154985.2439101763,1096.180272748963,1163.9906783116746,201.2891717680743,207.18845746506443,8005.819331684774,8270.272593813823,46784749628909452001418894292
2152,2100,2046,2,39.77272727272727,0.53125,46.875,0.0,0,0,0,0,235,495,413,317,468018.0288751411,468218.0288751411,-200.0,-300.0,0,0,0.0,0.0,25797317047683716982922211484
2259,2100,2043,2,39.77272727272727,0.5520833333333333,44.791666666666664,0.0,0,0,0,0,234,480,395,319,263278.1819156603,263478.1819156603,-200.0,-200.0,0,0,0.0,0.0,43862323757962438249318676484
2303,2100,2042,2,39.77272727272727,0.53125,46.875,0.0,0,0,0,0,258,508,457,309,500456.4989117762,500656.4989117762,-200.0,-300.0,0,0,0.0,0.0,8505408740807671424982153622
3803,2100,2004,2,39.77272727272727,0.5520833333333333,44.791666666666664,0.0,0,0,0,0,237,464,402,299,271960.33920017025,272160.33920017025,-200.0,-200.0,0,0,0.0,0.0,65765198003279725262355729494
3813,2100,2004,2,39.77272727272727,0.5520833333333333,44.791666666666664,0.0,0,0,0,0,269,489,423,335,166826.23235512598,167026.23235512598,-200.0,-250.0,0,0,0.0,0.0,46861205923366941193091930628
3964,2100,2000,2,39.77272727272727,0.5833333333333333,41.666666666666664,0.0,100,1,1,0,275,519,436,358,9068.998955844927,9368.998955844927,-300.0,-200.0,0,0,0.0,0.0,48013201234357014666515274044
4042,2100,1998,2,39.77272727272727,0.5729166666666667,42.708333333333336,0.0,50,1,0,1,254,467,392,329,341169.8562564469,341419.8562564469,-250.0,-200.0,0,0,0.0,0.0,18098772782277479720640121234
4283,2100,1992,2,39.77272727272727,0.53125,46.875,0.0,50,1,0,1,232,472,386,318,238229.43430095754,238479.43430095754,-250.0,-200.0,0,0,0.0,0.0,8969701691825173911389043292
4412,2100,1989,3,39.77272727272727,0.6145833333333333,38.541666666666664,0.004730713245997101,100,1,1,0,249,465,390,324,117297.70666028725,117550.33328959206,-252.62662930480624,-196.50314839721406,38.481753426249604,10.490554808357764,1530.5242839985638,418.74797943361415,46882072360304740209528886670
4772,2100,1980,2,39.77272727272727,0.5520833333333333,44.791666666666664,0.0,0,0,0,0,236,460,402,294,444499.2904175962,444699.2904175962,-200.0,-200.0,0,0,0.0,0.0,15888660914573447772877444700
5017,2100,1974,2,39.77272727272727,0.5625,43.75,0.0,0,0,0,0,292,503,460,335,428346.82427357615,428546.82427357615,-200.0,-300.0,0,0,0.0,0.0,27968335157149328324332583940
5330,2100,1966,2,39.77272727272727,0.59375,40.625,0.0,0,0,0,0,273,513,443,343,89023.9085631925,89223.9085631925,-200.0,-300.0,0,0,0.0,0.0,40192490264304404867638086054
5863,2100,1953,2,39.77272727272727,0.5104166666666667,48.958333333333336,0.0,0,0,0,0,222,472,391,303,32186.101537121,32386.101537121,-200.0,-200.0,0,0,0.0,0.0,27370130555588376935303072478
6394,2100,1940,3,39.77272727272727,0.6354166666666667,36.458333333333336,0.01273653566229985,50,1,0,1,234,469,400,303,391425.3481163573,391331.96125776786,93.38685858942017,-66.19673762856559,103.6047207629794,76.0565223605934,4120.642303073044,3035.922850893687,60378388651757777524713052180
7685,2100,1907,3,39.77272727272727,0.625,37.5,0.008733624454148475,100,1,1,0,233,451,403,281,14901.587586201786,15040.125683714024,-138.53809751223974,-140.4988844463456,71.0432370946145,43.273538584475695,2825.583293535804,1727.335415163655,68785698976110605276965980574
7691,2100,1907,3,39.77272727272727,0.6666666666666667,33.333333333333336,0.024745269286754,100,1,1,0,244,435,376,303,216226.0327005079,215229.85242775895,996.180272748963,1063.9906783116746,201.2891717680743,207.18845746506443,8005.819331684774,8270.272593813823,46827091554218440612156788100
7915,2100,1902,2,39.77272727272727,0.5520833333333333,44.791666666666664,0.0,0,0,0,0,204,431,355,280,547031.7574516475,547231.7574516475,-200.0,-200.0,0,0,0.0,0.0,47022283491066031112617664094
8379,2100,1890,3,39.77272727272727,0.6770833333333333,32.291666666666664,0.0287481804949054,50,1,0,1,236,425,377,284,258255.09561086714,256755.64468478013,1499.450926087,1629.7822394640173,233.8506554364394,239.97144124118236,9300.878341222022,9578.860029543865,45777423998437097392253139544
8869,2100,1878,2,39.77272727272727,0.46875,53.125,0.0,0,0,0,0,242,468,390,320,118727.3462795853,118927.3462795853,-200.0,-250.0,0,0,0.0,0.0,448219477430365050101864476
10420,2100,1839,2,39.77272727272727,0.5833333333333333,41.666666666666664,0.0,0,0,0,0,222,428,375,275,395475.35052305815,395675.35052305815,-200.0,-200.0,0,0,0.0,0.0,32006643252188369416477628574
10603,2100,1834,2,39.77272727272727,0.5416666666666667,45.833333333333336,0.0,0,0,0,0,228,460,375,313,33259.92917932081,33459.92917932081,-200.0,-200.0,0,0,0.0,0.0,48743815093783909825844054428
10671,2100,1833,2,39.77272727272727,0.59375,40.625,0.0,0,0,0,0,197,421,351,267,190630.9607839091,190830.9607839091,-200.0,-200.0,0,0,0.0,0.0,46838118409061771148703123848
10710,2100,1832,3,39.77272727272727,0.6145833333333333,38.541666666666664,0.004730713245997101,50,1,0,1,186,406,337,255,165019.78413488023,165222.41076418504,-202.62662930480624,-140.4988844463456,38.481753426249604,43.273538584475695,1530.5242839985638,1727.335415163655,19307393287281365646059199884
11663,2100,1808,2,39.77272727272727,0.5416666666666667,45.833333333333336,0.0,0,0,0,0,179,389,316,252,530564.1747389355,530764.1747389355,-200.0,-200.0,0,0,0.0,0.0,55181241200935415077677784598
12253,2100,1793,3,39.77272727272727,0.6041666666666667,39.583333333333336,0.0007278020378456995,0,0,0,0,228,410,362,276,313993.2669355257,314192.145672314,-198.87873678827947,-196.50314839721406,5.920269757884486,10.490554808357764,235.46527446131478,418.74797943361415,33384167010531518033893250974
12280,2100,1793,3,39.77272727272727,0.6666666666666667,33.333333333333336,0.024745269286754,50,1,0,1,232,433,371,294,363735.8418008166,362689.6615280676,1046.180272748963,1113.9906783116746,201.2891717680743,207.18845746506443,8005.819331684774,8270.272593813823,9684478504874699353371172502
12336,2100,1791,2,39.77272727272727,0.53125,46.875,0.0,0,0,0,0,202,403,344,261,96961.45662405809,97161.45662405809,-200.0,-300.0,0,0,0.0,0.0,47942165775461444563572022284
12357,2100,1791,3,39.77272727272727,0.625,37.5,0.008733624454148475,0,0,0,0,186,387,307,266,101241.43727709808,101279.97537461032,-38.538097512239744,-16.196737628565586,71.0432370946145,76.0565223605934,2825.583293535804,3035.922850893687,46566311924478925114781163404
12514,2100,1787,3,39.77272727272727,0.6041666666666667,39.583333333333336,0.0007278020378456995,100,1,1,0,191,384,309,266,366171.61750625673,366470.496243045,-298.87873678827947,-196.50314839721406,5.920269757884486,10.490554808357764,235.46527446131478,418.74797943361415,27007187857193252640914816508
12641,2100,1783,2,39.77272727272727,0.5729166666666667,42.708333333333336,0.0,0,0,0,0,213,414,370,257,243768.35451857754,243968.35451857754,-200.0,-200.0,0,0,0.0,0.0,26430680817310084039497173524
12905,2100,1777,2,39.77272727272727,0.5520833333333333,44.791666666666664,0.0,100,1,1,0,206,415,343,278,61769.81265398345,62069.81265398345,-300.0,-200.0,0,0,0.0,0.0,65440418352435036110894079894
13377,2100,1765,2,39.77272727272727,0.59375,40.625,0.0,0,0,0,0,206,425,368,263,106456.40186009758,106656.40186009758,-200.0,-250.0,0,0,0.0,0.0,48241662416068698985303070668
13461,2100,1763,2,39.77272727272727,0.5104166666666667,48.958333333333336,0.0,0,0,0,0,209,405,352,262,241607.60781353636,241807.60781353636,-200.0,-200.0,0,0,0.0,0.0,24876028071859443368643254292
13837,2100,1754,2,39.77272727272727,0.5416666666666667,45.833333333333336,0.0,0,0,0,0,201,400,342,259,506216.23804501764,506416.23804501764,-200.0,-250.0,0,0,0.0,0.0,56164835795642011183860745372
14440,2100,1739,2,39.77272727272727,0.5833333333333333,41.666666666666664,0.0,100,1,1,0,222,420,372,270,397615.93209775543,397915.93209775543,-300.0,-200.0,0,0,0.0,0.0,51174255028043205121737977222
18091,2100,1647,2,39.77272727272727,0.5416666666666667,45.833333333333336,0.0,50,1,0,1,205,375,330,250,110445.07787433697,110695.07787433697,-250.0,-300.0,0,0,0.0,0.0,65436379328073985330268826068
18102,2100,1647,2,39.77272727272727,0.5833333333333333,41.666666666666664,0.0,100,1,1,0,165,362,290,237,205542.6197051658,205842.6197051658,-300.0,-200.0,0,0,0.0,0.0,61891694465974408904180718934
18582,2100,1635,3,39.77272727272727,0.6458333333333333,35.416666666666664,0.01673944687045125,0,0,0,0,197,402,343,256,504756.27312221425,504363.12488321407,393.1482390001754,337.3012046077316,136.1662044313445,141.62248991282902,5415.701312610293,5653.097722353759,16388911312036620427758623622
18961,2100,1625,2,39.77272727272727,0.5833333333333333,41.666666666666664,0.0,0,0,0,0,240,401,361,280,441454.5707556612,441654.5707556612,-200.0,-200.0,0,0,0.0,0.0,64801381136591043738343533190
19597,2100,1610,3,39.77272727272727,0.6041666666666667,39.583333333333336,0.0007278020378456995,50,1,0,1,196,414,350,260,262285.7995418291,262534.6782786174,-248.87873678827947,-196.50314839721406,5.920269757884486,10.490554808357764,235.46527446131478,418.74797943361415,8132573030636769190170025606
20368,2100,1590,3,39.77272727272727,0.6875,31.25,0.032751091703056776,0,0,0,0,222,426,347,301,125046.87137531936,122976.31337158523,2070.558003734128,2113.871683483269,266.41213910480434,272.7544250173001,10595.937350759265,10887.447465273897,75223114409566442074163604190
21098,2100,1572,2,39.77272727272727,0.5208333333333333,47.916666666666664,0.0,0,0,0,0,186,372,312,246,44152.94995873943,44352.94995873943,-200.0,-200.0,0,0,0.0,0.0,62667014331097017902878946774
21142,2100,1571,2,39.77272727272727,0.5625,43.75,0.0,50,1,0,1,193,370,322,241,392967.93758920144,393217.93758920144,-250.0,-200.0,0,0,0.0,0.0,35430454000894908637969198604
21281,2100,1567,2,39.77272727272727,0.5729166666666667,42.708333333333336,0.0,0,0,0,0,224,383,339,268,111418.75618666402,111618.75618666402,-200.0,-200.0,0,0,0.0,0.0,40314928102641531139621614798
21297,2100,1567,2,39.77272727272727,0.5416666666666667,45.833333333333336,0.0,100,1,1,0,204,360,329,235,63607.789786882,63907.789786882,-300.0,-200.0,0,0,0.0,0.0,72529652404675772688480587420
21347,2100,1566,3,39.77272727272727,0.6666666666666667,33.333333333333336,0.024745269286754,0,0,0,0,189,375,317,247,250254.52963956207,249158.3493668131,1096.180272748963,1163.9906783116746,201.2891717680743,207.18845746506443,8005.819331684774,8270.272593813823,27049679054235472075996516248
21437,2100,1564,2,39.77272727272727,0.5416666666666667,45.833333333333336,0.0,0,0,0,0,166,359,290,235,185492.7711091834,185692.7711091834,-200.0,-200.0,0,0,0.0,0.0,73139507965533640094615034524
21540,2100,1561,2,39.77272727272727,0.53125,46.875,0.0,50,1,0,1,176,362,277,261,88399.13843970328,88649.13843970328,-250.0,-300.0,0,0,0.0,0.0,49008325471546254829496277332
21568,2100,1560,3,39.77272727272727,0.6145833333333333,38.541666666666664,0.004730713245997101,0,0,0,0,151,341,267,225,100406.79711845677,100559.42374776158,-152.62662930480624,-140.4988844463456,38.481753426249604,43.273538584475695,1530.5242839985638,1727.335415163655,29606216036918569441980316700
21602,2100,1559,3,39.77272727272727,0.6458333333333333,35.416666666666664,0.01673944687045125,50,1,0,1,218,389,338,269,68815.94938778736,68472.80114878718,343.1482390001754,126.40329205612619,136.1662044313445,108.83950613671111,5415.701312610293,4344.510286623719,47639638533555309632942202524
21816,2100,1554,3,39.77272727272727,0.71875,28.125,0.044759825327510924,0,0,0,0,178,355,295,238,244760.3913972956,240719.49361476552,4040.8977825300763,4075.9273127424985,364.09659010989924,371.10337634565343,14481.114379370993,14813.209772464,45740102693410552722096589828
24180,2100,1495,2,39.77272727272727,0.53125,46.875,0.0,0,0,0,0,182,362,295,249,188106.87164775556,188306.87164775556,-200.0,-200.0,0,0,0.0,0.0,49334034296744271247393381590
24327,2100,1491,3,39.77272727272727,0.625,37.5,0.008733624454148475,50,1,0,1,187,383,324,246,274337.31967444817,274425.85777196044,-88.53809751223974,-66.19673762856559,71.0432370946145,76.0565223605934,2825.583293535804,3035.922850893687,38200555958070147818614127816
25288,2100,1467,3,39.77272727272727,0.6041666666666667,39.583333333333336,0.0007278020378456995,0,0,0,0,191,372,309,254,82413.22488566855,82612.10362245682,-198.87873678827947,-196.50314839721406,5.920269757884486,10.490554808357764,235.46527446131478,418.74797943361415,54588975063852719580120209108
26493,2100,1437,2,39.77272727272727,0.5208333333333333,47.916666666666664,0.0,0,0,0,0,183,326,290,219,297803.6481040441,298003.6481040441,-200.0,-200.0,0,0,0.0,0.0,55195553412865067592484367710
29201,2100,1369,3,39.77272727272727,0.6458333333333333,35.416666666666664,0.01673944687045125,0,0,0,0,157,314,251,220,38159.16560430275,37766.01736530257,393.1482390001754,337.3012046077316,136.1662044313445,141.62248991282902,5415.701312610293,5653.097722353759,5520967639777205639433121182
31109,2100,1322,2,39.77272727272727,0.5416666666666667,45.833333333333336,0.0,100,1,1,0,168,314,274,208,156390.35861163342,156690.35861163342,-300.0,-200.0,0,0,0.0,0.0,25519030353247351071904836572
31426,2100,1314,2,39.77272727272727,0.5729166666666667,42.708333333333336,0.0,0,0,0,0,168,317,277,208,242134.8461790869,242334.8461790869,-200.0,-200.0,0,0,0.0,0.0,46875887244245001149586827996
31512,2100,1312,2,39.77272727272727,0.5104166666666667,48.958333333333336,0.0,0,0,0,0,150,306,253,203,92192.48410131143,92392.48410131143,-200.0,-250.0,0,0,0.0,0.0,67588622642890890324989431326
32060,2100,1298,2,39.77272727272727,0.5208333333333333,47.916666666666664,0.0,0,0,0,0,199,342,305,236,131686.137733249,131886.137733249,-200.0,-300.0,0,0,0.0,0.0,75019354924305369117149580102
32498,2100,1287,3,39.77272727272727,0.6041666666666667,39.583333333333336,0.0007278020378456995,0,0,0,0,157,310,260,207,466603.3909149031,466802.2696516914,-198.87873678827947,-246.50314839721406,5.920269757884486,10.490554808357764,235.46527446131478,418.74797943361415,18082939440486370185720322972
34142,2100,1246,2,39.77272727272727,0.59375,40.625,0.0,100,1,1,0,177,298,269,206,565541.0440910615,565841.0440910615,-300.0,-200.0,0,0,0.0,0.0,47014933244997489577203010908
36573,2100,1185,3,39.77272727272727,0.6354166666666667,36.458333333333336,0.01273653566229985,100,1,1,0,174,301,266,209,40909.69997585882,40866.3131172694,43.38685858942017,176.4032920561262,103.6047207629794,108.83950613671111,4120.642303073044,4344.510286623719,16459182058217836262526808732
37327,2100,1166,2,39.77272727272727,0.5416666666666667,45.833333333333336,0.0,0,0,0,0,161,297,262,196,13904.430136746763,14104.430136746763,-200.0,-250.0,0,0,0.0,0.0,8189394899572820814481304470
38066,2100,1148,3,39.77272727272727,0.6145833333333333,38.541666666666664,0.004730713245997101,0,0,0,0,155,282,235,202,174402.49960752157,174555.12623682639,-152.62662930480624,-190.4988844463456,38.481753426249604,43.273538584475695,1530.5242839985638,1727.335415163655,45490945764093239596297969300
38389,2100,1140,3,39.77272727272727,0.6041666666666667,39.583333333333336,0.0007278020378456995,0,0,0,0,175,286,259,202,289987.6185547001,290186.4972914884,-198.87873678827947,-196.50314839721406,5.920269757884486,10.490554808357764,235.46527446131478,418.74797943361415,65544267250365594603542747438
38409,2100,1139,2,39.77272727272727,0.47916666666666663,52.083333333333336,0.0,0,0,0,0,118,246,205,159,109605.12816310968,109805.12816310968,-200.0,-200.0,0,0,0.0,0.0,77819566610603639847848976484
38692,2100,1132,3,39.77272727272727,0.625,37.5,0.008733624454148475,50,1,0,1,166,286,268,184,196236.47884034467,196325.0169378569,-88.53809751223974,-140.4988844463456,71.0432370946145,43.273538584475695,2825.583293535804,1727.335415163655,28444206853224570375313792220
38839,2100,1129,2,39.77272727272727,0.5208333333333333,47.916666666666664,0.0,0,0,0,0,117,266,204,179,77947.0793472418,78147.0793472418,-200.0,-200.0,0,0,0.0,0.0,72076312612675765833845508372
39249,2100,1118,3,39.77272727272727,0.625,37.5,0.008733624454148475,0,0,0,0,152,291,243,200,431972.42930833023,432010.9674058425,-38.538097512239744,-116.19673762856559,71.0432370946145,76.0565223605934,2825.583293535804,3035.922850893687,5719140420920681557171624220
39399,2100,1115,3,39.77272727272727,0.6354166666666667,36.458333333333336,0.01273653566229985,0,0,0,0,139,278,224,193,1004471.7639903863,1004328.3771317969,143.38685858942017,126.40329205612619,103.6047207629794,108.83950613671111,4120.642303073044,4344.510286623719,35893387725518414117745934548
39445,2100,1113,2,39.77272727272727,0.5833333333333333,41.666666666666664,0.0,0,0,0,0,125,270,212,183,88864.25593871085,89064.25593871085,-200.0,-200.0,0,0,0.0,0.0,66252751269802126909926004820
42905,2100,1027,2,39.77272727272727,0.5520833333333333,44.791666666666664,0.0,0,0,0,0,135,265,220,180,183740.23969353526,183940.23969353526,-200.0,-200.0,0,0,0.0,0.0,66672251051265250059723854748
43074,2100,1023,2,39.77272727272727,0.5833333333333333,41.666666666666664,0.0,0,0,0,0,134,254,208,180,279508.22444298724,279708.22444298724,-200.0,-200.0,0,0,0.0,0.0,61395039503800698184022095572
43110,2100,1022,2,39.77272727272727,0.5729166666666667,42.708333333333336,0.0,0,0,0,0,128,272,221,179,166700.9839675706,166900.9839675706,-200.0,-300.0,0,0,0.0,0.0,2294392783643068621177019540
43591,2100,1010,2,39.77272727272727,0.5729166666666667,42.708333333333336,0.0,100,1,1,0,112,229,190,151,55827.49385241111,56127.49385241111,-300.0,-200.0,0,0,0.0,0.0,63573640696673539249660446980
47624,2100,909,2,39.77272727272727,0.5625,43.75,0.0,0,0,0,0,141,230,223,148,250247.09589711804,250447.09589711804,-200.0,-200.0,0,0,0.0,0.0,44338272169542161540819965846
47826,2100,904,3,39.77272727272727,0.6145833333333333,38.541666666666664,0.004730713245997101,100,1,1,0,142,244,229,157,643950.885922474,644203.5125517788,-252.62662930480624,-140.4988844463456,38.481753426249604,43.273538584475695,1530.5242839985638,1727.335415163655,3546663531951574444001156316
47941,2100,901,2,39.77272727272727,0.53125,46.875,0.0,0,0,0,0,117,218,195,140,29639.129027120922,29839.129027120922,-200.0,-200.0,0,0,0.0,0.0,46838321842760429777714637188
47971,2100,900,2,39.77272727272727,0.5416666666666667,45.833333333333336,0.0,0,0,0,0,161,243,212,192,212660.23349405715,212860.23349405715,-200.0,-250.0,0,0,0.0,0.0,15248175842575476781477988444
47993,2100,900,3,39.77272727272727,0.6041666666666667,39.583333333333336,0.0007278020378456995,100,1,1,0,112,235,189,158,46496.927759359096,46795.80649614737,-298.87873678827947,-300.0,5.920269757884486,0,235.46527446131478,0.0,65759306678890218190983089548
51796,2100,805,3,39.77272727272727,0.6666666666666667,33.333333333333336,0.024745269286754,0,0,0,0,96,199,169,126,397667.2067109463,396571.0264381973,1096.180272748963,1163.9906783116746,201.2891717680743,207.18845746506443,8005.819331684774,8270.272593813823,65962399155220717688444111300
51803,2100,804,2,39.77272727272727,0.5625,43.75,0.0,0,0,0,0,116,209,190,135,75792.30306277078,75992.30306277078,-200.0,-200.0,0,0,0.0,0.0,45716365132591273363281697948
51938,2100,801,2,39.77272727272727,0.5208333333333333,47.916666666666664,0.0,0,0,0,0,82,181,150,113,110152.93974185277,110352.93974185277,-200.0,-200.0,0,0,0.0,0.0,25838486769033550507992361092
52243,2100,793,3,39.77272727272727,0.6458333333333333,35.416666666666664,0.01673944687045125,0,0,0,0,111,211,178,144,178585.08317433659,178191.9349353364,393.1482390001754,437.3012046077316,136.1662044313445,141.62248991282902,5415.701312610293,5653.097722353759,25797570738256608178713386900
52317,2100,792,2,39.77272727272727,0.5520833333333333,44.791666666666664,0.0,50,1,0,1,92,222,177,137,305308.11874037294,305558.11874037294,-250.0,-200.0,0,0,0.0,0.0,76510425689408340943845706260
52385,2100,790,2,39.77272727272727,0.59375,40.625,0.0,50,1,0,1,80,172,138,114,453927.6113998807,454177.6113998807,-250.0,-200.0,0,0,0.0,0.0,25789228572085896268356385942
52397,2100,790,2,39.77272727272727,0.5729166666666667,42.708333333333336,0.0,0,0,0,0,92,198,160,130,48185.67474569404,48385.67474569404,-200.0,-200.0,0,0,0.0,0.0,35908430095253274811780005494
52468,2100,788,2,39.77272727272727,0.5729166666666667,42.708333333333336,0.0,0,0,0,0,113,209,167,155,95149.16670920506,95349.16670920506,-200.0,-300.0,0,0,0.0,0.0,1035230376904924098775187092
52563,2100,785,2,39.77272727272727,0.5833333333333333,41.666666666666664,0.0,0,0,0,0,116,209,178,147,69398.75330966797,69598.75330966797,-200.0,-300.0,0,0,0.0,0.0,41317883174707812999968789150
52608,2100,784,3,39.77272727272727,0.6354166666666667,36.458333333333336,0.01273653566229985,50,1,0,1,131,217,193,155,250474.73870889327,250381.35185030385,93.38685858942017,-16.196737628565586,103.6047207629794,76.0565223605934,4120.642303073044,3035.922850893687,27040136394765104959252681612
53383,2100,765,2,39.77272727272727,0.5625,43.75,0.0,100,1,1,0,103,199,174,128,76451.03235143464,76751.03235143464,-300.0,-200.0,0,0,0.0,0.0,64524010885040519304703069382
55149,2100,721,3,39.77272727272727,0.625,37.5,0.008733624454148475,100,1,1,0,117,196,174,139,156852.11102431786,156990.6491218301,-138.53809751223974,-66.19673762856559,71.0432370946145,76.0565223605934,2825.583293535804,3035.922850893687,27203637050791868371894009084
55812,2100,704,2,39.77272727272727,0.5520833333333333,44.791666666666664,0.0,0,0,0,0,77,170,129,118,105627.61106052701,105827.61106052701,-200.0,-200.0,0,0,0.0,0.0,66321275394278345086100915142
57572,2100,660,2,39.77272727272727,0.5208333333333333,47.916666666666664,0.0,0,0,0,0,81,173,140,114,113494.77412923284,113694.77412923284,-200.0,-300.0,0,0,0.0,0.0,65100279192206396625078269084
58216,2100,644,3,39.77272727272727,0.6041666666666667,39.583333333333336,0.0007278020378456995,0,0,0,0,99,185,162,122,247923.4863293435,248122.36506613178,-198.87873678827947,-246.50314839721406,5.920269757884486,10.490554808357764,235.46527446131478,418.74797943361415,65526584573288871255361396942
62187,2100,545,3,39.77272727272727,0.6770833333333333,32.291666666666664,0.0287481804949054,100,1,1,0,96,162,143,115,325713.7228086571,324264.2718825701,1449.450926087,1629.7822394640173,233.8506554364394,239.97144124118236,9300.878341222022,9578.860029543865,65426304456904205558371048068
62847,2100,528,3,39.77272727272727,0.6041666666666667,39.583333333333336,0.0007278020378456995,0,0,0,0,94,148,136,106,352448.18302621256,352647.06176300085,-198.87873678827947,-196.50314839721406,5.920269757884486,10.490554808357764,235.46527446131478,418.74797943361415,36496187586522565828393785372
64462,2100,488,2,39.77272727272727,0.5729166666666667,42.708333333333336,0.0,0,0,0,0,68,125,108,85,114033.44607515239,114233.44607515239,-200.0,-300.0,0,0,0.0,0.0,65320058644951762474356436814
65603,2100,459,2,39.77272727272727,0.5729166666666667,42.708333333333336,0.0,0,0,0,0,74,120,107,87,69048.04086925762,69248.04086925762,-200.0,-300.0,0,0,0.0,0.0,35740155787092795266770365644
66045,2100,448,3,39.77272727272727,0.6041666666666667,39.583333333333336,0.0007278020378456995,0,0,0,0,67,128,101,94,221035.8790748114,221234.7578115997,-198.87873678827947,-196.50314839721406,5.920269757884486,10.490554808357764,235.46527446131478,418.74797943361415,46570811800681023569518755036
66792,2100,430,2,39.77272727272727,0.5416666666666667,45.833333333333336,0.0,50,1,0,1,56,99,90,65,207584.9691499413,207834.9691499413,-250.0,-200.0,0,0,0.0,0.0,46852638369431188660678253086
66841,2100,428,2,39.77272727272727,0.5833333333333333,41.666666666666664,0.0,0,0,0,0,66,102,106,62,166077.08886833634,166277.08886833634,-200.0,-300.0,0,0,0.0,0.0,45668194479387905459131979934
67328,2100,416,3,39.77272727272727,0.6354166666666667,36.458333333333336,0.01273653566229985,0,0,0,0,70,119,95,94,79822.55221671026,79679.16535812084,143.38685858942017,76.40329205612619,103.6047207629794,108.83950613671111,4120.642303073044,4344.510286623719,65042780119385144974428033428
67626,2100,409,3,39.77272727272727,0.625,37.5,0.008733624454148475,0,0,0,0,56,110,94,72,51799.07298216637,51837.61107967861,-38.538097512239744,-66.19673762856559,71.0432370946145,76.0565223605934,2825.583293535804,3035.922850893687,47706566342164179121969547102
67824,2100,404,2,39.77272727272727,0.5833333333333333,41.666666666666664,0.0,100,1,1,0,71,116,108,79,9297.329127288194,9597.329127288194,-300.0,-250.0,0,0,0.0,0.0,15679939642983368110246136470
68026,2100,399,3,39.77272727272727,0.625,37.5,0.008733624454148475,0,0,0,0,66,105,95,76,35232.345902156936,35270.883999669175,-38.538097512239744,-116.19673762856559,71.0432370946145,76.0565223605934,2825.583293535804,3035.922850893687,74875879012615889256199969036
68143,2100,396,3,39.77272727272727,0.6145833333333333,38.541666666666664,0.004730713245997101,50,1,0,1,58,101,87,72,93224.0307606506,93426.6573899554,-202.62662930480624,-140.4988844463456,38.481753426249604,43.273538584475695,1530.5242839985638,1727.335415163655,6932218355111848780236458700
68292,2100,392,2,39.77272727272727,0.5833333333333333,41.666666666666664,0.0,0,0,0,0,57,104,89,72,4105.9948109086545,4305.9948109086545,-200.0,-200.0,0,0,0.0,0.0,56920392757111792294657944204
68999,2100,375,2,39.77272727272727,0.5,50.0,0.0,50,1,0,1,73,98,97,74,12058.407384865484,12308.407384865484,-250.0,-200.0,0,0,0.0,0.0,56782170810243227908871802181
69082,2100,372,2,39.77272727272727,0.59375,40.625,0.0,100,1,1,0,53,106,94,65,350828.0554558801,351128.0554558801,-300.0,-300.0,0,0,0.0,0.0,46967761399524201267639340190
69930,2100,351,2,39.77272727272727,0.5416666666666667,45.833333333333336,0.0,0,0,0,0,59,96,96,59,70684.75331282963,70884.75331282963,-200.0,-200.0,0,0,0.0,0.0,40815839841418024965102836254
70005,2100,349,2,39.77272727272727,0.5833333333333333,41.666666666666664,0.0,0,0,0,0,57,102,76,83,75315.7473884453,75515.7473884453,-200.0,-250.0,0,0,0.0,0.0,27055685240784812325385755094
70069,2100,348,3,39.77272727272727,0.6041666666666667,39.583333333333336,0.0007278020378456995,100,1,1,0,51,101,85,67,373597.57763248833,373896.4563692766,-298.87873678827947,-196.50314839721406,5.920269757884486,10.490554808357764,235.46527446131478,418.74797943361415,40593247345194169514727001740
70084,2100,347,3,39.77272727272727,0.6770833333333333,32.291666666666664,0.0287481804949054,0,0,0,0,58,98,83,73,348639.21984707157,347089.7689209846,1549.450926087,1629.7822394640173,233.8506554364394,239.97144124118236,9300.878341222022,9578.860029543865,25975066334196245984838539924
70101,2100,347,3,39.77272727272727,0.6145833333333333,38.541666666666664,0.004730713245997101,50,1,0,1,54,98,76,76,324204.9083181498,324407.5349474546,-202.62662930480624,-140.4988844463456,38.481753426249604,43.273538584475695,1530.5242839985638,1727.335415163655,50695212788559596097195727516
70179,2100,345,2,39.77272727272727,0.5729166666666667,42.708333333333336,0.0,0,0,0,0,51,115,96,70,205297.49756522872,205497.49756522872,-200.0,-200.0,0,0,0.0,0.0,65586465651691017716188513940
70279,2100,343,2,39.77272727272727,0.5833333333333333,41.666666666666664,0.0,0,0,0,0,62,104,102,64,63650.905677421324,63850.905677421324,-200.0,-200.0,0,0,0.0,0.0,15836415108963391165465319580
70341,2100,341,3,39.77272727272727,0.6354166666666667,36.458333333333336,0.01273653566229985,0,0,0,0,53,105,85,73,49196.09834479766,49052.71148620824,143.38685858942017,176.4032920561262,103.6047207629794,108.83950613671111,4120.642303073044,4344.510286623719,76726074920030878922631761492
70577,2100,335,3,39.77272727272727,0.65625,34.375,0.020742358078602627,100,1,1,0,32,94,67,59,37162.54052898946,36551.79448526944,610.7460437200225,337.3012046077316,168.7276880997094,141.62248991282902,6710.760322147534,5653.097722353759,47740567971091479658889726428
70606,2100,334,3,39.77272727272727,0.6041666666666667,39.583333333333336,0.0007278020378456995,0,0,0,0,56,92,75,73,302487.1683397512,302686.0470765395,-198.87873678827947,-196.50314839721406,5.920269757884486,10.490554808357764,235.46527446131478,418.74797943361415,6006251963638188693809471068
70631,2100,334,3,39.77272727272727,0.65625,34.375,0.020742358078602627,0,0,0,0,46,98,82,62,14265.27888458316,13554.532840863138,710.7460437200225,716.4970000262473,168.7276880997094,174.40547368894673,6710.760322147534,6961.685158083791,65512725973494219816407584150
70647,2100,333,2,39.77272727272727,0.59375,40.625,0.0,0,0,0,0,48,93,81,60,363942.9921823695,364142.9921823695,-200.0,-200.0,0,0,0.0,0.0,68833639373415436758643334620
71022,2100,324,2,39.77272727272727,0.53125,46.875,0.0,0,0,0,0,52,89,80,61,101495.1203877148,101695.1203877148,-200.0,-250.0,0,0,0.0,0.0,61828801684640789635968878878
72828,2100,279,2,39.77272727272727,0.5520833333333333,44.791666666666664,0.0,0,0,0,0,47,76,68,55,140624.33903101477,140824.33903101477,-200.0,-250.0,0,0,0.0,0.0,30767891034510820702420027393
75809,2100,204,2,39.77272727272727,0.5729166666666667,42.708333333333336,0.0,0,0,0,0,36,68,57,47,12422.166548468816,12622.166548468816,-200.0,-200.0,0,0,0.0,0.0,38186014451397541610752866444
75873,2100,203,2,39.77272727272727,0.5416666666666667,45.833333333333336,0.0,100,1,1,0,46,70,69,47,154871.79925997043,155171.79925997043,-300.0,-250.0,0,0,0.0,0.0,975274105765480586690384919
76025,2100,199,3,39.77272727272727,0.6458333333333333,35.416666666666664,0.01673944687045125,0,0,0,0,38,67,62,43,45713.32337012771,45320.17513112754,393.1482390001754,437.3012046077316,136.1662044313445,141.62248991282902,5415.701312610293,5653.097722353759,47591754915784870276838153217
76196,2100,195,3,39.77272727272727,0.6145833333333333,38.541666666666664,0.004730713245997101,0,0,0,0,41,61,57,45,89450.22155578586,89602.84818509067,-152.62662930480624,-240.4988844463456,38.481753426249604,43.273538584475695,1530.5242839985638,1727.335415163655,33386539473954709661214276046
76216,2100,194,3,39.77272727272727,0.6354166666666667,36.458333333333336,0.01273653566229985,0,0,0,0,44,65,57,52,105363.08840017924,105219.70154158982,143.38685858942017,76.40329205612619,103.6047207629794,108.83950613671111,4120.642303073044,4344.510286623719,30753837360878588462538398848
76233,2100,194,3,39.77272727272727,0.6145833333333333,38.541666666666664,0.004730713245997101,0,0,0,0,32,67,53,46,17164.142347574,17316.768976878808,-152.62662930480624,-140.4988844463456,38.481753426249604,43.273538584475695,1530.5242839985638,1727.335415163655,76856526153445362673557685638
76334,2100,191,2,39.77272727272727,0.5625,43.75,0.0,0,0,0,0,33,62,53,42,26547.264380690955,26747.264380690955,-200.0,-200.0,0,0,0.0,0.0,75488618860928348887283097091
76378,2100,190,3,39.77272727272727,0.6875,31.25,0.032751091703056776,0,0,0,0,46,72,64,54,317742.0917968756,315671.5337931415,2070.558003734128,2163.871683483269,266.41213910480434,272.7544250173001,10595.937350759265,10887.447465273897,45608476577842486841732979850
76402,2100,189,3,39.77272727272727,0.6458333333333333,35.416666666666664,0.01673944687045125,0,0,0,0,30,60,48,42,182966.60953818515,182573.46129918497,393.1482390001754,437.3012046077316,136.1662044313445,141.62248991282902,5415.701312610293,5653.097722353759,46730663074481918329198170588
77052,2100,173,2,39.77272727272727,0.59375,40.625,0.0,0,0,0,0,32,50,45,37,311287.6182841998,311487.6182841998,-200.0,-300.0,0,0,0.0,0.0,10953851726585778966605430206
77057,2100,173,3,39.77272727272727,0.6666666666666667,33.333333333333336,0.024745269286754,50,1,0,1,35,59,50,44,184205.2489190788,183159.06864632983,1046.180272748963,766.4970000262473,201.2891717680743,174.40547368894673,8005.819331684774,6961.685158083791,5936700442733923747821739972
77133,2100,171,2,39.77272727272727,0.53125,46.875,0.0,0,0,0,0,34,55,49,40,262595.9841664817,262795.9841664817,-200.0,-250.0,0,0,0.0,0.0,66310593625359161174643390608
77253,2100,168,2,39.77272727272727,0.5833333333333333,41.666666666666664,0.0,50,1,0,1,25,56,42,39,165370.38721234017,165620.38721234017,-250.0,-200.0,0,0,0.0,0.0,18538690160610034358492567684
77360,2100,166,3,39.77272727272727,0.6666666666666667,33.333333333333336,0.024745269286754,0,0,0,0,28,54,44,38,99899.96970455002,98803.78943180107,1096.180272748963,1163.9906783116746,201.2891717680743,207.18845746506443,8005.819331684774,8270.272593813823,55647431603163228250923948828
77454,2100,163,3,39.77272727272727,0.6145833333333333,38.541666666666664,0.004730713245997101,100,1,1,0,42,54,55,41,14486.197023945431,14738.823653250238,-252.62662930480624,-240.4988844463456,38.481753426249604,43.273538584475695,1530.5242839985638,1727.335415163655,33279093436676833399073218450
77536,2100,161,2,39.77272727272727,0.46875,53.125,0.0,0,0,0,0,25,37,33,29,37007.79155310557,37207.79155310557,-200.0,-250.0,0,0,0.0,0.0,55068359836328951114300852254
77636,2100,159,2,39.77272727272727,0.5208333333333333,47.916666666666664,0.0,100,1,1,0,37,58,47,48,66073.96156496857,66373.96156496857,-300.0,-200.0,0,0,0.0,0.0,10808335898637630772826292369
77817,2100,154,2,39.77272727272727,0.59375,40.625,0.0,0,0,0,0,28,60,44,44,247013.37160355892,247213.37160355892,-200.0,-200.0,0,0,0.0,0.0,35487226848400613534985047180
78380,2100,140,2,39.77272727272727,0.5729166666666667,42.708333333333336,0.0,0,0,0,0,29,49,41,37,190950.51258083206,191150.51258083206,-200.0,-250.0,0,0,0.0,0.0,20859082097950082374260164684
78913,2100,127,3,39.77272727272727,0.6875,31.25,0.032751091703056776,0,0,0,0,19,38,31,26,318317.25179303484,316246.69378930074,2070.558003734128,2163.871683483269,266.41213910480434,272.7544250173001,10595.937350759265,10887.447465273897,18549087716464528244646600457
79057,2100,123,2,39.77272727272727,0.59375,40.625,0.0,0,0,0,0,26,46,35,37,3790.580900859164,3990.580900859164,-200.0,-250.0,0,0,0.0,0.0,30947737717924867472974272030
80417,2100,89,2,39.77272727272727,0.5104166666666667,48.958333333333336,0.0,0,0,0,0,17,38,31,24,32935.978772479466,33135.978772479466,-200.0,-200.0,0,0,0.0,0.0,47403617504798331026402787336
81533,2100,61,3,39.77272727272727,0.6041666666666667,39.583333333333336,0.0007278020378456995,100,1,1,0,23,24,25,22,58074.977729704784,58373.85646649306,-298.87873678827947,-200.0,5.920269757884486,0,235.46527446131478,0.0,25545906598193882701861096457
81538,2100,61,3,39.77272727272727,0.6666666666666667,33.333333333333336,0.024745269286754,50,1,0,1,22,26,26,22,69414.61468153165,68368.43440878269,1046.180272748963,1163.9906783116746,201.2891717680743,207.18845746506443,8005.819331684774,8270.272593813823,41968248074214548539801547908
81563,2100,60,2,39.77272727272727,0.5625,43.75,0.0,0,0,0,0,16,25,22,19,15042.654504108945,15242.654504108945,-200.0,-200.0,0,0,0.0,0.0,33051355572781675813972286779
81586,2100,60,2,39.77272727272727,0.59375,40.625,0.0,0,0,0,0,17,28,23,22,17478.184293723196,17678.184293723196,-200.0,-200.0,0,0,0.0,0.0,42882190063218499269066692554
81770,2100,55,2,39.77272727272727,0.5729166666666667,42.708333333333336,0.0,50,1,0,1,14,27,24,17,52123.86583418025,52373.86583418025,-250.0,-200.0,0,0,0.0,0.0,61572803167238581611666900492
81776,2100,55,3,39.77272727272727,0.65625,34.375,0.020742358078602627,100,1,1,0,19,30,29,20,20164.395979895584,19553.649936175563,610.7460437200225,437.3012046077316,168.7276880997094,141.62248991282902,6710.760322147534,5653.097722353759,72902724152714722140568595621
81808,2100,54,2,39.77272727272727,0.5520833333333333,44.791666666666664,0.0,100,1,1,0,16,24,22,18,989.4910416062758,1289.4910416062758,-300.0,-200.0,0,0,0.0,0.0,70763886456036794728881411408
81974,2100,50,3,39.77272727272727,0.6458333333333333,35.416666666666664,0.01673944687045125,50,1,0,1,19,20,23,16,11578.071960854795,11234.92372185462,343.1482390001754,176.4032920561262,136.1662044313445,108.83950613671111,5415.701312610293,4344.510286623719,78705113628464137455934786892
82109,2100,47,2,39.77272727272727,0.5729166666666667,42.708333333333336,0.0,0,0,0,0,21,25,21,25,864.7045750915672,1064.7045750915672,-200.0,-250.0,0,0,0.0,0.0,30788139277577888840125502744
82197,2100,45,2,39.77272727272727,0.5833333333333333,41.666666666666664,0.0,0,0,0,0,13,27,20,20,52366.37008761715,52566.37008761715,-200.0,-200.0,0,0,0.0,0.0,60207616220875217020696727710
82712,2100,32,2,39.77272727272727,0.5416666666666667,45.833333333333336,0.0,0,0,0,0,14,18,16,16,43102.031822686324,43302.031822686324,-200.0,-200.0,0,0,0.0,0.0,64951980804197583211892022976
82821,2100,29,3,39.77272727272727,0.7083333333333333,29.166666666666668,0.040756914119359534,0,0,0,0,13,18,16,15,63394.893047671816,60078.61161571615,3316.2814319556655,3436.9442201225093,331.5351064415342,338.3203925695356,13186.055369833746,13504.622336733964,65541666542767238409138423772
83080,2100,23,3,39.77272727272727,0.6354166666666667,36.458333333333336,0.01273653566229985,50,1,0,1,11,19,16,14,22015.607320309384,21922.220461719964,93.38685858942017,126.40329205612619,103.6047207629794,108.83950613671111,4120.642303073044,4344.510286623719,16077308864773479333763440025
83284,2100,17,3,39.77272727272727,0.6979166666666667,30.208333333333332,0.036754002911208165,0,0,0,0,11,18,17,12,47596.46118805074,44936.959682360386,2659.501505690351,2716.2590103694342,298.9736227731693,305.5374087934179,11890.996360296507,12196.034901003934,65357829441327204442123243453
83346,2100,16,3,39.77272727272727,0.625,37.5,0.008733624454148475,100,1,1,0,14,15,15,14,5158.772154853032,5297.3102523652715,-138.53809751223974,-66.19673762856559,71.0432370946145,76.0565223605934,2825.583293535804,3035.922850893687,29660383329603329129738067076
83595,2100,10,3,39.77272727272727,0.6458333333333333,35.416666666666664,0.01673944687045125,0,0,0,0,11,13,13,11,6021.617260316509,5628.469021316333,393.1482390001754,437.3012046077316,136.1662044313445,141.62248991282902,5415.701312610293,5653.097722353759,30653977372505196622080564492
83941,2100,1,3,39.77272727272727,0.6354166666666667,36.458333333333336,0.01273653566229985,0,0,0,0,10,10,10,10,319.79015064554636,176.4032920561262,143.38685858942017,176.4032920561262,103.6047207629794,108.83950613671111,4120.642303073044,4344.510286623719,63634205195044093929679111180
83952,2100,1,3,39.77272727272727,0.6458333333333333,35.416666666666664,0.01673944687045125,0,0,0,0,10,10,10,10,830.449443607907,437.3012046077316,393.1482390001754,437.3012046077316,136.1662044313445,141.62248991282902,5415.701312610293,5653.097722353759,42574078116003944964304541059
